match_id,season,date,home_team_key,home_team_name,away_team_key,away_team_name,home_goals,away_goals,result,home_goal_minutes,away_goal_minutes,home_shots_on_target,away_shots_on_target
20220805ca,2022-2023,2022-08-05,crystal_palace,Crystal Palace,arsenal,Arsenal,0,2,A,,"20, 85",2,2
20220806fl,2022-2023,2022-08-06,fulham,Fulham,liverpool,Liverpool,2,2,D,"32, 72","64, 80",3,4
20220806aa,2022-2023,2022-08-06,afc_bournemouth,AFC Bournemouth,aston_villa,Aston Villa,2,0,H,"2, 80",,3,2
20220806lw,2022-2023,2022-08-06,leeds_united,Leeds United,wolverhampton_wanderers,Wolverhampton Wanderers,2,1,H,"24, 74",6,4,6
20220806nn,2022-2023,2022-08-06,newcastle_united,Newcastle United,nottingham_forest,Nottingham Forest,2,0,H,"58, 78",,10,0
20220806ts,2022-2023,2022-08-06,tottenham_hotspur,Tottenham Hotspur,southampton,Southampton,4,1,H,"21, 31, 61, 63",12,8,2
20220806ec,2022-2023,2022-08-06,everton,Everton,chelsea,Chelsea,0,1,A,,45,4,6
20220807lb,2022-2023,2022-08-07,leicester_city,Leicester City,brentford,Brentford,2,2,D,"33, 46","62, 86",5,3
20220807mb,2022-2023,2022-08-07,manchester_united,Manchester United,brighton_&_hove_albion,Brighton & Hove Albion,1,2,A,68,"30, 39",5,4
20220807wm,2022-2023,2022-08-07,west_ham_united,West Ham United,manchester_city,Manchester City,0,2,A,,"36, 65",1,2
20220813ae,2022-2023,2022-08-13,aston_villa,Aston Villa,everton,Everton,2,1,H,"31, 86",87,4,4
20220813al,2022-2023,2022-08-13,arsenal,Arsenal,leicester_city,Leicester City,4,2,H,"23, 35, 55, 75","53, 74",7,2
20220813bn,2022-2023,2022-08-13,brighton_&_hove_albion,Brighton & Hove Albion,newcastle_united,Newcastle United,0,0,D,,,7,1
20220813ma,2022-2023,2022-08-13,manchester_city,Manchester City,afc_bournemouth,AFC Bournemouth,4,0,H,"19, 31, 37, 79",,7,1
20220813sl,2022-2023,2022-08-13,southampton,Southampton,leeds_united,Leeds United,2,2,D,"72, 81","46, 60",4,5
20220813wf,2022-2023,2022-08-13,wolverhampton_wanderers,Wolverhampton Wanderers,fulham,Fulham,0,0,D,,,1,3
20220813bm,2022-2023,2022-08-13,brentford,Brentford,manchester_united,Manchester United,4,0,H,"10, 18, 30, 35",,7,4
20220814nw,2022-2023,2022-08-14,nottingham_forest,Nottingham Forest,west_ham_united,West Ham United,1,0,H,45,,6,5
20220814ct,2022-2023,2022-08-14,chelsea,Chelsea,tottenham_hotspur,Tottenham Hotspur,2,2,D,"19, 77","68, 96",3,5
20220815lc,2022-2023,2022-08-15,liverpool,Liverpool,crystal_palace,Crystal Palace,1,1,D,61,32,4,3
20220820tw,2022-2023,2022-08-20,tottenham_hotspur,Tottenham Hotspur,wolverhampton_wanderers,Wolverhampton Wanderers,1,0,H,64,,4,3
20220820ca,2022-2023,2022-08-20,crystal_palace,Crystal Palace,aston_villa,Aston Villa,3,1,H,"7, 58, 71",5,9,5
20220820en,2022-2023,2022-08-20,everton,Everton,nottingham_forest,Nottingham Forest,1,1,D,88,81,8,5
20220820fb,2022-2023,2022-08-20,fulham,Fulham,brentford,Brentford,3,2,H,"1, 20, 90","44, 71",9,5
20220820ls,2022-2023,2022-08-20,leicester_city,Leicester City,southampton,Southampton,1,2,A,54,"68, 84",1,3
20220820aa,2022-2023,2022-08-20,afc_bournemouth,AFC Bournemouth,arsenal,Arsenal,0,3,A,,"5, 11, 54",1,6
20220821lc,2022-2023,2022-08-21,leeds_united,Leeds United,chelsea,Chelsea,3,0,H,"33, 37, 69",,6,3
20220821wb,2022-2023,2022-08-21,west_ham_united,West Ham United,brighton_&_hove_albion,Brighton & Hove Albion,0,2,A,,"22, 66",3,2
20220821nm,2022-2023,2022-08-21,newcastle_united,Newcastle United,manchester_city,Manchester City,3,3,D,"28, 39, 54","5, 61, 64",6,10
20220822ml,2022-2023,2022-08-22,manchester_united,Manchester United,liverpool,Liverpool,2,1,H,"16, 53",81,4,5
20220827sm,2022-2023,2022-08-27,southampton,Southampton,manchester_united,Manchester United,0,1,A,,55,5,6
20220827be,2022-2023,2022-08-27,brentford,Brentford,everton,Everton,1,1,D,84,24,5,7
20220827bl,2022-2023,2022-08-27,brighton_&_hove_albion,Brighton & Hove Albion,leeds_united,Leeds United,1,0,H,66,,4,2
20220827cl,2022-2023,2022-08-27,chelsea,Chelsea,leicester_city,Leicester City,2,1,H,"47, 63",66,3,5
20220827la,2022-2023,2022-08-27,liverpool,Liverpool,afc_bournemouth,AFC Bournemouth,9,0,H,"3, 6, 28, 31, 45, 46, 62, 80, 85",,12,2
20220827mc,2022-2023,2022-08-27,manchester_city,Manchester City,crystal_palace,Crystal Palace,4,2,H,"53, 62, 70, 81","4, 21",5,2
20220827af,2022-2023,2022-08-27,arsenal,Arsenal,fulham,Fulham,2,1,H,"64, 86",56,8,3
20220828aw,2022-2023,2022-08-28,aston_villa,Aston Villa,west_ham_united,West Ham United,0,1,A,,74,3,2
20220828wn,2022-2023,2022-08-28,wolverhampton_wanderers,Wolverhampton Wanderers,newcastle_united,Newcastle United,1,1,D,38,90,4,6
20220828nt,2022-2023,2022-08-28,nottingham_forest,Nottingham Forest,tottenham_hotspur,Tottenham Hotspur,0,2,A,,"5, 81",1,7
20220830cb,2022-2023,2022-08-30,crystal_palace,Crystal Palace,brentford,Brentford,1,1,D,59,88,4,3
20220830fb,2022-2023,2022-08-30,fulham,Fulham,brighton_&_hove_albion,Brighton & Hove Albion,2,1,H,"48, 55",60,3,4
20220830sc,2022-2023,2022-08-30,southampton,Southampton,chelsea,Chelsea,2,1,H,"28, 45",23,7,4
20220830le,2022-2023,2022-08-30,leeds_united,Leeds United,everton,Everton,1,1,D,55,17,5,2
20220831aw,2022-2023,2022-08-31,afc_bournemouth,AFC Bournemouth,wolverhampton_wanderers,Wolverhampton Wanderers,0,0,D,,,2,4
20220831aa,2022-2023,2022-08-31,arsenal,Arsenal,aston_villa,Aston Villa,2,1,H,"30, 77",74,9,3
20220831mn,2022-2023,2022-08-31,manchester_city,Manchester City,nottingham_forest,Nottingham Forest,6,0,H,"12, 23, 38, 50, 65, 87",,9,1
20220831wt,2022-2023,2022-08-31,west_ham_united,West Ham United,tottenham_hotspur,Tottenham Hotspur,1,1,D,55,34,4,4
20220831ln,2022-2023,2022-08-31,liverpool,Liverpool,newcastle_united,Newcastle United,2,1,H,"61, 98",38,6,2
20220901lm,2022-2023,2022-09-01,leicester_city,Leicester City,manchester_united,Manchester United,0,1,A,,23,2,2
20220903el,2022-2023,2022-09-03,everton,Everton,liverpool,Liverpool,0,0,D,,,3,8
20220903bl,2022-2023,2022-09-03,brentford,Brentford,leeds_united,Leeds United,5,2,H,"30, 43, 58, 80, 91","45, 79",8,6
20220903cw,2022-2023,2022-09-03,chelsea,Chelsea,west_ham_united,West Ham United,2,1,H,"76, 88",62,3,3
20220903nc,2022-2023,2022-09-03,newcastle_united,Newcastle United,crystal_palace,Crystal Palace,0,0,D,,,6,9
20220903na,2022-2023,2022-09-03,nottingham_forest,Nottingham Forest,afc_bournemouth,AFC Bournemouth,2,3,A,"33, 45","51, 63, 87",3,3
20220903tf,2022-2023,2022-09-03,tottenham_hotspur,Tottenham Hotspur,fulham,Fulham,2,1,H,"40, 75",83,10,3
20220903ws,2022-2023,2022-09-03,wolverhampton_wanderers,Wolverhampton Wanderers,southampton,Southampton,1,0,H,45,,2,1
20220903am,2022-2023,2022-09-03,aston_villa,Aston Villa,manchester_city,Manchester City,1,1,D,74,50,1,4
20220904bl,2022-2023,2022-09-04,brighton_&_hove_albion,Brighton & Hove Albion,leicester_city,Leicester City,5,2,H,"10, 15, 64, 71, 97","1, 33",11,4
20220904ma,2022-2023,2022-09-04,manchester_united,Manchester United,arsenal,Arsenal,3,1,H,"35, 66, 75",60,6,3
20220916as,2022-2023,2022-09-16,aston_villa,Aston Villa,southampton,Southampton,1,0,H,41,,3,1
20220916nf,2022-2023,2022-09-16,nottingham_forest,Nottingham Forest,fulham,Fulham,2,3,A,"11, 77","54, 57, 60",3,7
20220917wm,2022-2023,2022-09-17,wolverhampton_wanderers,Wolverhampton Wanderers,manchester_city,Manchester City,0,3,A,,"1, 16, 69",1,7
20220917na,2022-2023,2022-09-17,newcastle_united,Newcastle United,afc_bournemouth,AFC Bournemouth,1,1,D,67,62,7,3
20220917tl,2022-2023,2022-09-17,tottenham_hotspur,Tottenham Hotspur,leicester_city,Leicester City,6,2,H,"8, 21, 47, 73, 84, 86","6, 41",11,7
20220918ba,2022-2023,2022-09-18,brentford,Brentford,arsenal,Arsenal,0,3,A,,"17, 28, 49",2,7
20220918ew,2022-2023,2022-09-18,everton,Everton,west_ham_united,West Ham United,1,0,H,53,,2,4
20221001at,2022-2023,2022-10-01,arsenal,Arsenal,tottenham_hotspur,Tottenham Hotspur,3,1,H,"20, 49, 67",31,9,3
20221001ab,2022-2023,2022-10-01,afc_bournemouth,AFC Bournemouth,brentford,Brentford,0,0,D,,,1,4
20221001cc,2022-2023,2022-10-01,crystal_palace,Crystal Palace,chelsea,Chelsea,1,2,A,7,"38, 90",3,3
20221001fn,2022-2023,2022-10-01,fulham,Fulham,newcastle_united,Newcastle United,1,4,A,88,"11, 33, 43, 57",1,10
20221001lb,2022-2023,2022-10-01,liverpool,Liverpool,brighton_&_hove_albion,Brighton & Hove Albion,3,3,D,"33, 54, 63","4, 17, 83",7,6
20221001se,2022-2023,2022-10-01,southampton,Southampton,everton,Everton,1,2,A,49,"52, 54",6,5
20221001ww,2022-2023,2022-10-01,west_ham_united,West Ham United,wolverhampton_wanderers,Wolverhampton Wanderers,2,0,H,"29, 54",,5,4
20221002mm,2022-2023,2022-10-02,manchester_city,Manchester City,manchester_united,Manchester United,6,3,H,"8, 34, 37, 44, 64, 73","56, 84, 91",10,8
20221002la,2022-2023,2022-10-02,leeds_united,Leeds United,aston_villa,Aston Villa,0,0,D,,,1,7
20221003ln,2022-2023,2022-10-03,leicester_city,Leicester City,nottingham_forest,Nottingham Forest,4,0,H,"25, 27, 35, 73",,7,3
20221008al,2022-2023,2022-10-08,afc_bournemouth,AFC Bournemouth,leicester_city,Leicester City,2,1,H,"68, 71",10,4,5
20221008cw,2022-2023,2022-10-08,chelsea,Chelsea,wolverhampton_wanderers,Wolverhampton Wanderers,3,0,H,"45, 54, 89",,7,2
20221008ms,2022-2023,2022-10-08,manchester_city,Manchester City,southampton,Southampton,4,0,H,"20, 32, 49, 65",,8,0
20221008nb,2022-2023,2022-10-08,newcastle_united,Newcastle United,brentford,Brentford,5,1,H,"21, 28, 56, 82, 90",54,6,3
20221008bt,2022-2023,2022-10-08,brighton_&_hove_albion,Brighton & Hove Albion,tottenham_hotspur,Tottenham Hotspur,0,1,A,,22,4,3
20221009cl,2022-2023,2022-10-09,crystal_palace,Crystal Palace,leeds_united,Leeds United,2,1,H,"24, 76",10,5,4
20221009wf,2022-2023,2022-10-09,west_ham_united,West Ham United,fulham,Fulham,3,1,H,"29, 62, 91",5,8,2
20221009al,2022-2023,2022-10-09,arsenal,Arsenal,liverpool,Liverpool,3,2,H,"1, 45, 76","34, 53",7,3
20221009em,2022-2023,2022-10-09,everton,Everton,manchester_united,Manchester United,1,2,A,5,"15, 44",2,4
20221010na,2022-2023,2022-10-10,nottingham_forest,Nottingham Forest,aston_villa,Aston Villa,1,1,D,15,22,3,2
20221014bb,2022-2023,2022-10-14,brentford,Brentford,brighton_&_hove_albion,Brighton & Hove Albion,2,0,H,"27, 64",,3,7
20221015lc,2022-2023,2022-10-15,leicester_city,Leicester City,crystal_palace,Crystal Palace,0,0,D,,,5,1
20221015fa,2022-2023,2022-10-15,fulham,Fulham,afc_bournemouth,AFC Bournemouth,2,2,D,"22, 52","2, 29",4,6
20221015wn,2022-2023,2022-10-15,wolverhampton_wanderers,Wolverhampton Wanderers,nottingham_forest,Nottingham Forest,1,0,H,56,,2,2
20221015te,2022-2023,2022-10-15,tottenham_hotspur,Tottenham Hotspur,everton,Everton,2,0,H,"59, 86",,7,0
20221016ac,2022-2023,2022-10-16,aston_villa,Aston Villa,chelsea,Chelsea,0,2,A,,"6, 65",7,4
20221016la,2022-2023,2022-10-16,leeds_united,Leeds United,arsenal,Arsenal,0,1,A,,35,4,4
20221016mn,2022-2023,2022-10-16,manchester_united,Manchester United,newcastle_united,Newcastle United,0,0,D,,,2,2
20221016sw,2022-2023,2022-10-16,southampton,Southampton,west_ham_united,West Ham United,1,1,D,20,64,8,4
20221016lm,2022-2023,2022-10-16,liverpool,Liverpool,manchester_city,Manchester City,1,0,H,76,,2,6
20221018bn,2022-2023,2022-10-18,brighton_&_hove_albion,Brighton & Hove Albion,nottingham_forest,Nottingham Forest,0,0,D,,,7,0
20221018cw,2022-2023,2022-10-18,crystal_palace,Crystal Palace,wolverhampton_wanderers,Wolverhampton Wanderers,2,1,H,"47, 70",31,4,4
20221019as,2022-2023,2022-10-19,afc_bournemouth,AFC Bournemouth,southampton,Southampton,0,1,A,,9,3,3
20221019bc,2022-2023,2022-10-19,brentford,Brentford,chelsea,Chelsea,0,0,D,,,5,5
20221019lw,2022-2023,2022-10-19,liverpool,Liverpool,west_ham_united,West Ham United,1,0,H,22,,7,3
20221019ne,2022-2023,2022-10-19,newcastle_united,Newcastle United,everton,Everton,1,0,H,30,,4,0
20221019mt,2022-2023,2022-10-19,manchester_united,Manchester United,tottenham_hotspur,Tottenham Hotspur,2,0,H,"47, 69",,10,2
20221020fa,2022-2023,2022-10-20,fulham,Fulham,aston_villa,Aston Villa,3,0,H,"36, 68, 84",,8,6
20221020ll,2022-2023,2022-10-20,leicester_city,Leicester City,leeds_united,Leeds United,2,0,H,"16, 35",,1,2
20221022nl,2022-2023,2022-10-22,nottingham_forest,Nottingham Forest,liverpool,Liverpool,1,0,H,55,,7,7
20221022ec,2022-2023,2022-10-22,everton,Everton,crystal_palace,Crystal Palace,3,0,H,"11, 63, 84",,6,2
20221022mb,2022-2023,2022-10-22,manchester_city,Manchester City,brighton_&_hove_albion,Brighton & Hove Albion,3,1,H,"22, 43, 75",53,4,2
20221022cm,2022-2023,2022-10-22,chelsea,Chelsea,manchester_united,Manchester United,1,1,D,87,94,2,6
20221023ab,2022-2023,2022-10-23,aston_villa,Aston Villa,brentford,Brentford,4,0,H,"2, 7, 14, 59",,11,3
20221023lf,2022-2023,2022-10-23,leeds_united,Leeds United,fulham,Fulham,2,3,A,"20, 91","26, 74, 84",5,5
20221023sa,2022-2023,2022-10-23,southampton,Southampton,arsenal,Arsenal,1,1,D,65,11,3,3
20221023wl,2022-2023,2022-10-23,wolverhampton_wanderers,Wolverhampton Wanderers,leicester_city,Leicester City,0,4,A,,"8, 19, 65, 79",5,4
20221023tn,2022-2023,2022-10-23,tottenham_hotspur,Tottenham Hotspur,newcastle_united,Newcastle United,1,2,A,54,"31, 40",5,5
20221024wa,2022-2023,2022-10-24,west_ham_united,West Ham United,afc_bournemouth,AFC Bournemouth,2,0,H,"45, 92",,4,3
20221029lm,2022-2023,2022-10-29,leicester_city,Leicester City,manchester_city,Manchester City,0,1,A,,49,5,5
20221029at,2022-2023,2022-10-29,afc_bournemouth,AFC Bournemouth,tottenham_hotspur,Tottenham Hotspur,2,3,A,"22, 49","57, 73, 92",4,7
20221029bw,2022-2023,2022-10-29,brentford,Brentford,wolverhampton_wanderers,Wolverhampton Wanderers,1,1,D,50,52,3,4
20221029bc,2022-2023,2022-10-29,brighton_&_hove_albion,Brighton & Hove Albion,chelsea,Chelsea,4,1,H,"5, 14, 42, 92",48,9,7
20221029cs,2022-2023,2022-10-29,crystal_palace,Crystal Palace,southampton,Southampton,1,0,H,38,,3,4
20221029na,2022-2023,2022-10-29,newcastle_united,Newcastle United,aston_villa,Aston Villa,4,0,H,"45, 56, 59, 67",,7,0
20221029fe,2022-2023,2022-10-29,fulham,Fulham,everton,Everton,0,0,D,,,6,4
20221029ll,2022-2023,2022-10-29,liverpool,Liverpool,leeds_united,Leeds United,1,2,A,14,"4, 89",10,6
20221030an,2022-2023,2022-10-30,arsenal,Arsenal,nottingham_forest,Nottingham Forest,5,0,H,"5, 49, 52, 57, 78",,10,2
20221030mw,2022-2023,2022-10-30,manchester_united,Manchester United,west_ham_united,West Ham United,1,0,H,38,,3,5
20221105la,2022-2023,2022-11-05,leeds_united,Leeds United,afc_bournemouth,AFC Bournemouth,4,3,H,"3, 60, 68, 84","7, 19, 48",4,6
20221105mf,2022-2023,2022-11-05,manchester_city,Manchester City,fulham,Fulham,2,1,H,"16, 95",28,5,2
20221105nb,2022-2023,2022-11-05,nottingham_forest,Nottingham Forest,brentford,Brentford,2,2,D,"20, 96","45, 75",7,2
20221105wb,2022-2023,2022-11-05,wolverhampton_wanderers,Wolverhampton Wanderers,brighton_&_hove_albion,Brighton & Hove Albion,2,3,A,"12, 35","10, 44, 83",5,8
20221105el,2022-2023,2022-11-05,everton,Everton,leicester_city,Leicester City,0,2,A,,"45, 86",2,8
20221106ca,2022-2023,2022-11-06,chelsea,Chelsea,arsenal,Arsenal,0,1,A,,63,1,2
20221106am,2022-2023,2022-11-06,aston_villa,Aston Villa,manchester_united,Manchester United,3,1,H,"7, 11, 49",45,4,3
20221106sn,2022-2023,2022-11-06,southampton,Southampton,newcastle_united,Newcastle United,1,4,A,89,"35, 58, 62, 91",5,4
20221106wc,2022-2023,2022-11-06,west_ham_united,West Ham United,crystal_palace,Crystal Palace,1,2,A,20,"41, 94",2,6
20221106tl,2022-2023,2022-11-06,tottenham_hotspur,Tottenham Hotspur,liverpool,Liverpool,1,2,A,70,"11, 40",5,6
20221112mb,2022-2023,2022-11-12,manchester_city,Manchester City,brentford,Brentford,1,2,A,45,"16, 98",6,8
20221112ae,2022-2023,2022-11-12,afc_bournemouth,AFC Bournemouth,everton,Everton,3,0,H,"18, 25, 69",,9,3
20221112ls,2022-2023,2022-11-12,liverpool,Liverpool,southampton,Southampton,3,1,H,"6, 21, 42",9,7,5
20221112nc,2022-2023,2022-11-12,nottingham_forest,Nottingham Forest,crystal_palace,Crystal Palace,1,0,H,54,,2,0
20221112tl,2022-2023,2022-11-12,tottenham_hotspur,Tottenham Hotspur,leeds_united,Leeds United,4,3,H,"25, 51, 81, 83","10, 43, 76",8,5
20221112wl,2022-2023,2022-11-12,west_ham_united,West Ham United,leicester_city,Leicester City,0,2,A,,"8, 78",6,6
20221112nc,2022-2023,2022-11-12,newcastle_united,Newcastle United,chelsea,Chelsea,1,0,H,67,,3,2
20221112wa,2022-2023,2022-11-12,wolverhampton_wanderers,Wolverhampton Wanderers,arsenal,Arsenal,0,2,A,,"54, 75",2,4
20221113ba,2022-2023,2022-11-13,brighton_&_hove_albion,Brighton & Hove Albion,aston_villa,Aston Villa,1,2,A,1,"20, 54",2,2
20221113fm,2022-2023,2022-11-13,fulham,Fulham,manchester_united,Manchester United,1,2,A,61,"14, 93",7,9
20221226bt,2022-2023,2022-12-26,brentford,Brentford,tottenham_hotspur,Tottenham Hotspur,2,2,D,"15, 54","65, 71",5,8
20221226cf,2022-2023,2022-12-26,crystal_palace,Crystal Palace,fulham,Fulham,0,3,A,,"31, 71, 80",0,11
20221226ew,2022-2023,2022-12-26,everton,Everton,wolverhampton_wanderers,Wolverhampton Wanderers,1,2,A,7,"22, 95",6,4
20221226ln,2022-2023,2022-12-26,leicester_city,Leicester City,newcastle_united,Newcastle United,0,3,A,,"3, 7, 32",2,5
20221226sb,2022-2023,2022-12-26,southampton,Southampton,brighton_&_hove_albion,Brighton & Hove Albion,1,3,A,73,"14, 35, 56",4,4
20221226al,2022-2023,2022-12-26,aston_villa,Aston Villa,liverpool,Liverpool,1,3,A,59,"5, 37, 81",6,9
20221226aw,2022-2023,2022-12-26,arsenal,Arsenal,west_ham_united,West Ham United,3,1,H,"53, 58, 69",27,5,4
20221227ca,2022-2023,2022-12-27,chelsea,Chelsea,afc_bournemouth,AFC Bournemouth,2,0,H,"16, 24",,5,4
20221227mn,2022-2023,2022-12-27,manchester_united,Manchester United,nottingham_forest,Nottingham Forest,3,0,H,"19, 23, 87",,8,3
20221228lm,2022-2023,2022-12-28,leeds_united,Leeds United,manchester_city,Manchester City,1,3,A,73,"45, 51, 64",1,9
20221230wb,2022-2023,2022-12-30,west_ham_united,West Ham United,brentford,Brentford,0,2,A,,"18, 43",5,6
20221230ll,2022-2023,2022-12-30,liverpool,Liverpool,leicester_city,Leicester City,2,1,H,"38, 45",4,5,2
20221231wm,2022-2023,2022-12-31,wolverhampton_wanderers,Wolverhampton Wanderers,manchester_united,Manchester United,0,1,A,,76,3,6
20221231ac,2022-2023,2022-12-31,afc_bournemouth,AFC Bournemouth,crystal_palace,Crystal Palace,0,2,A,,"19, 36",2,6
20221231fs,2022-2023,2022-12-31,fulham,Fulham,southampton,Southampton,2,1,H,"32, 88",56,2,3
20221231me,2022-2023,2022-12-31,manchester_city,Manchester City,everton,Everton,1,1,D,24,64,3,1
20221231nl,2022-2023,2022-12-31,newcastle_united,Newcastle United,leeds_united,Leeds United,0,0,D,,,5,1
20221231ba,2022-2023,2022-12-31,brighton_&_hove_albion,Brighton & Hove Albion,arsenal,Arsenal,2,4,A,"65, 77","2, 39, 47, 71",5,7
20230101ta,2022-2023,2023-01-01,tottenham_hotspur,Tottenham Hotspur,aston_villa,Aston Villa,0,2,A,,"50, 73",2,4
20230101nc,2022-2023,2023-01-01,nottingham_forest,Nottingham Forest,chelsea,Chelsea,1,1,D,63,16,5,2
20230102bl,2022-2023,2023-01-02,brentford,Brentford,liverpool,Liverpool,3,1,H,"19, 42, 84",50,7,6
20230103an,2022-2023,2023-01-03,arsenal,Arsenal,newcastle_united,Newcastle United,0,0,D,,,4,1
20230103eb,2022-2023,2023-01-03,everton,Everton,brighton_&_hove_albion,Brighton & Hove Albion,1,4,A,92,"14, 51, 54, 57",4,8
20230103lf,2022-2023,2023-01-03,leicester_city,Leicester City,fulham,Fulham,0,1,A,,17,6,2
20230103ma,2022-2023,2023-01-03,manchester_united,Manchester United,afc_bournemouth,AFC Bournemouth,3,0,H,"23, 49, 86",,6,4
20230104sn,2022-2023,2023-01-04,southampton,Southampton,nottingham_forest,Nottingham Forest,0,1,A,,27,0,1
20230104lw,2022-2023,2023-01-04,leeds_united,Leeds United,west_ham_united,West Ham United,2,2,D,"27, 70","45, 46",6,2
20230104aw,2022-2023,2023-01-04,aston_villa,Aston Villa,wolverhampton_wanderers,Wolverhampton Wanderers,1,1,D,78,12,4,3
20230104ct,2022-2023,2023-01-04,crystal_palace,Crystal Palace,tottenham_hotspur,Tottenham Hotspur,0,4,A,,"48, 53, 68, 72",4,6
20230105cm,2022-2023,2023-01-05,chelsea,Chelsea,manchester_city,Manchester City,0,1,A,,63,2,3
20230112fc,2022-2023,2023-01-12,fulham,Fulham,chelsea,Chelsea,2,1,H,"25, 73",47,3,10
20230113al,2022-2023,2023-01-13,aston_villa,Aston Villa,leeds_united,Leeds United,2,1,H,"3, 64",83,5,4
20230114mm,2022-2023,2023-01-14,manchester_united,Manchester United,manchester_city,Manchester City,2,1,H,"78, 82",60,4,1
20230114bl,2022-2023,2023-01-14,brighton_&_hove_albion,Brighton & Hove Albion,liverpool,Liverpool,3,0,H,"47, 53, 81",,9,2
20230114es,2022-2023,2023-01-14,everton,Everton,southampton,Southampton,1,2,A,39,"46, 78",4,5
20230114nl,2022-2023,2023-01-14,nottingham_forest,Nottingham Forest,leicester_city,Leicester City,2,0,H,"56, 85",,5,1
20230114ww,2022-2023,2023-01-14,wolverhampton_wanderers,Wolverhampton Wanderers,west_ham_united,West Ham United,1,0,H,48,,4,4
20230114ba,2022-2023,2023-01-14,brentford,Brentford,afc_bournemouth,AFC Bournemouth,2,0,H,"39, 75",,4,2
20230115cc,2022-2023,2023-01-15,chelsea,Chelsea,crystal_palace,Crystal Palace,1,0,H,64,,5,5
20230115nf,2022-2023,2023-01-15,newcastle_united,Newcastle United,fulham,Fulham,1,0,H,89,,5,0
20230115ta,2022-2023,2023-01-15,tottenham_hotspur,Tottenham Hotspur,arsenal,Arsenal,0,2,A,,"14, 36",7,5
20230118cm,2022-2023,2023-01-18,crystal_palace,Crystal Palace,manchester_united,Manchester United,1,1,D,91,44,5,4
20230119mt,2022-2023,2023-01-19,manchester_city,Manchester City,tottenham_hotspur,Tottenham Hotspur,4,2,H,"51, 53, 63, 90","44, 45",6,3
20230121lc,2022-2023,2023-01-21,liverpool,Liverpool,chelsea,Chelsea,0,0,D,,,3,2
20230121an,2022-2023,2023-01-21,afc_bournemouth,AFC Bournemouth,nottingham_forest,Nottingham Forest,1,1,D,28,83,4,5
20230121lb,2022-2023,2023-01-21,leicester_city,Leicester City,brighton_&_hove_albion,Brighton & Hove Albion,2,2,D,"38, 63","27, 88",2,4
20230121sa,2022-2023,2023-01-21,southampton,Southampton,aston_villa,Aston Villa,0,1,A,,77,5,5
20230121we,2022-2023,2023-01-21,west_ham_united,West Ham United,everton,Everton,2,0,H,"34, 41",,4,2
20230121cn,2022-2023,2023-01-21,crystal_palace,Crystal Palace,newcastle_united,Newcastle United,0,0,D,,,1,7
20230122lb,2022-2023,2023-01-22,leeds_united,Leeds United,brentford,Brentford,0,0,D,,,5,0
20230122mw,2022-2023,2023-01-22,manchester_city,Manchester City,wolverhampton_wanderers,Wolverhampton Wanderers,3,0,H,"40, 50, 54",,7,1
20230122am,2022-2023,2023-01-22,arsenal,Arsenal,manchester_united,Manchester United,3,2,H,"24, 53, 90","17, 59",5,4
20230123ft,2022-2023,2023-01-23,fulham,Fulham,tottenham_hotspur,Tottenham Hotspur,0,1,A,,45,5,3
20230203cf,2022-2023,2023-02-03,chelsea,Chelsea,fulham,Fulham,0,0,D,,,3,4
20230204ea,2022-2023,2023-02-04,everton,Everton,arsenal,Arsenal,1,0,H,60,,4,3
20230204al,2022-2023,2023-02-04,aston_villa,Aston Villa,leicester_city,Leicester City,2,4,A,"9, 32","12, 41, 45, 79",4,5
20230204bs,2022-2023,2023-02-04,brentford,Brentford,southampton,Southampton,3,0,H,"41, 44, 80",,4,6
20230204ba,2022-2023,2023-02-04,brighton_&_hove_albion,Brighton & Hove Albion,afc_bournemouth,AFC Bournemouth,1,0,H,87,,6,2
20230204mc,2022-2023,2023-02-04,manchester_united,Manchester United,crystal_palace,Crystal Palace,2,1,H,"7, 62",76,5,3
20230204wl,2022-2023,2023-02-04,wolverhampton_wanderers,Wolverhampton Wanderers,liverpool,Liverpool,3,0,H,"5, 12, 71",,6,4
20230204nw,2022-2023,2023-02-04,newcastle_united,Newcastle United,west_ham_united,West Ham United,1,1,D,3,32,2,1
20230205nl,2022-2023,2023-02-05,nottingham_forest,Nottingham Forest,leeds_united,Leeds United,1,0,H,14,,2,4
20230205tm,2022-2023,2023-02-05,tottenham_hotspur,Tottenham Hotspur,manchester_city,Manchester City,1,0,H,15,,3,5
20230208ml,2022-2023,2023-02-08,manchester_united,Manchester United,leeds_united,Leeds United,2,2,D,"62, 70","1, 48",7,2
20230211wc,2022-2023,2023-02-11,west_ham_united,West Ham United,chelsea,Chelsea,1,1,D,28,16,2,4
20230211ab,2022-2023,2023-02-11,arsenal,Arsenal,brentford,Brentford,1,1,D,66,74,7,2
20230211cb,2022-2023,2023-02-11,crystal_palace,Crystal Palace,brighton_&_hove_albion,Brighton & Hove Albion,1,1,D,69,63,1,7
20230211fn,2022-2023,2023-02-11,fulham,Fulham,nottingham_forest,Nottingham Forest,2,0,H,"17, 88",,3,1
20230211lt,2022-2023,2023-02-11,leicester_city,Leicester City,tottenham_hotspur,Tottenham Hotspur,4,1,H,"23, 25, 45, 81",14,7,4
20230211sw,2022-2023,2023-02-11,southampton,Southampton,wolverhampton_wanderers,Wolverhampton Wanderers,1,2,A,24,"72, 87",2,2
20230211an,2022-2023,2023-02-11,afc_bournemouth,AFC Bournemouth,newcastle_united,Newcastle United,1,1,D,30,45,5,7
20230212lm,2022-2023,2023-02-12,leeds_united,Leeds United,manchester_united,Manchester United,0,2,A,,"80, 85",6,5
20230212ma,2022-2023,2023-02-12,manchester_city,Manchester City,aston_villa,Aston Villa,3,1,H,"4, 39, 45",61,9,2
20230213le,2022-2023,2023-02-13,liverpool,Liverpool,everton,Everton,2,0,H,"36, 49",,6,1
20230215am,2022-2023,2023-02-15,arsenal,Arsenal,manchester_city,Manchester City,1,3,A,42,"24, 72, 82",1,6
20230218aa,2022-2023,2023-02-18,aston_villa,Aston Villa,arsenal,Arsenal,2,4,A,"5, 31","16, 61, 93, 98",5,5
20230218bc,2022-2023,2023-02-18,brentford,Brentford,crystal_palace,Crystal Palace,1,1,D,96,69,5,4
20230218bf,2022-2023,2023-02-18,brighton_&_hove_albion,Brighton & Hove Albion,fulham,Fulham,0,1,A,,88,7,2
20230218cs,2022-2023,2023-02-18,chelsea,Chelsea,southampton,Southampton,0,1,A,,45,5,5
20230218el,2022-2023,2023-02-18,everton,Everton,leeds_united,Leeds United,1,0,H,64,,6,0
20230218nm,2022-2023,2023-02-18,nottingham_forest,Nottingham Forest,manchester_city,Manchester City,1,1,D,84,41,1,6
20230218wa,2022-2023,2023-02-18,wolverhampton_wanderers,Wolverhampton Wanderers,afc_bournemouth,AFC Bournemouth,0,1,A,,49,4,1
20230218nl,2022-2023,2023-02-18,newcastle_united,Newcastle United,liverpool,Liverpool,0,2,A,,"10, 17",4,7
20230219ml,2022-2023,2023-02-19,manchester_united,Manchester United,leicester_city,Leicester City,3,0,H,"25, 56, 61",,8,3
20230219tw,2022-2023,2023-02-19,tottenham_hotspur,Tottenham Hotspur,west_ham_united,West Ham United,2,0,H,"56, 72",,6,1
20230224fw,2022-2023,2023-02-24,fulham,Fulham,wolverhampton_wanderers,Wolverhampton Wanderers,1,1,D,64,23,5,2
20230225ea,2022-2023,2023-02-25,everton,Everton,aston_villa,Aston Villa,0,2,A,,"63, 81",5,5
20230225ls,2022-2023,2023-02-25,leeds_united,Leeds United,southampton,Southampton,1,0,H,77,,4,2
20230225la,2022-2023,2023-02-25,leicester_city,Leicester City,arsenal,Arsenal,0,1,A,,46,0,2
20230225wn,2022-2023,2023-02-25,west_ham_united,West Ham United,nottingham_forest,Nottingham Forest,4,0,H,"71, 73, 78, 85",,5,3
20230225am,2022-2023,2023-02-25,afc_bournemouth,AFC Bournemouth,manchester_city,Manchester City,1,4,A,83,"15, 29, 45, 51",2,5
20230225cl,2022-2023,2023-02-25,crystal_palace,Crystal Palace,liverpool,Liverpool,0,0,D,,,0,4
20230226tc,2022-2023,2023-02-26,tottenham_hotspur,Tottenham Hotspur,chelsea,Chelsea,2,0,H,"46, 82",,3,2
20230301ae,2022-2023,2023-03-01,arsenal,Arsenal,everton,Everton,4,0,H,"40, 45, 71, 80",,5,5
20230301lw,2022-2023,2023-03-01,liverpool,Liverpool,wolverhampton_wanderers,Wolverhampton Wanderers,2,0,H,"73, 77",,6,1
20230304mn,2022-2023,2023-03-04,manchester_city,Manchester City,newcastle_united,Newcastle United,2,0,H,"15, 67",,3,2
20230304aa,2022-2023,2023-03-04,arsenal,Arsenal,afc_bournemouth,AFC Bournemouth,3,2,H,"62, 70, 97","1, 57",9,4
20230304ac,2022-2023,2023-03-04,aston_villa,Aston Villa,crystal_palace,Crystal Palace,1,0,H,27,,1,0
20230304bw,2022-2023,2023-03-04,brighton_&_hove_albion,Brighton & Hove Albion,west_ham_united,West Ham United,4,0,H,"18, 52, 69, 89",,9,2
20230304cl,2022-2023,2023-03-04,chelsea,Chelsea,leeds_united,Leeds United,1,0,H,53,,3,2
20230304wt,2022-2023,2023-03-04,wolverhampton_wanderers,Wolverhampton Wanderers,tottenham_hotspur,Tottenham Hotspur,1,0,H,82,,5,6
20230304sl,2022-2023,2023-03-04,southampton,Southampton,leicester_city,Leicester City,1,0,H,35,,5,0
20230305ne,2022-2023,2023-03-05,nottingham_forest,Nottingham Forest,everton,Everton,2,2,D,"19, 77","10, 29",4,3
20230305lm,2022-2023,2023-03-05,liverpool,Liverpool,manchester_united,Manchester United,7,0,H,"43, 47, 50, 66, 75, 83, 88",,8,4
20230306bf,2022-2023,2023-03-06,brentford,Brentford,fulham,Fulham,3,2,H,"6, 53, 85","39, 99",6,5
20230311al,2022-2023,2023-03-11,afc_bournemouth,AFC Bournemouth,liverpool,Liverpool,1,0,H,28,,2,6
20230311eb,2022-2023,2023-03-11,everton,Everton,brentford,Brentford,1,0,H,1,,6,4
20230311lb,2022-2023,2023-03-11,leeds_united,Leeds United,brighton_&_hove_albion,Brighton & Hove Albion,2,2,D,"40, 78","33, 61",4,2
20230311lc,2022-2023,2023-03-11,leicester_city,Leicester City,chelsea,Chelsea,1,3,A,39,"11, 45, 78",7,6
20230311tn,2022-2023,2023-03-11,tottenham_hotspur,Tottenham Hotspur,nottingham_forest,Nottingham Forest,3,1,H,"19, 35, 62",81,7,5
20230311cm,2022-2023,2023-03-11,crystal_palace,Crystal Palace,manchester_city,Manchester City,0,1,A,,78,0,4
20230312fa,2022-2023,2023-03-12,fulham,Fulham,arsenal,Arsenal,0,3,A,,"21, 26, 45",2,7
20230312ms,2022-2023,2023-03-12,manchester_united,Manchester United,southampton,Southampton,0,0,D,,,4,4
20230312wa,2022-2023,2023-03-12,west_ham_united,West Ham United,aston_villa,Aston Villa,1,1,D,26,17,6,4
20230312nw,2022-2023,2023-03-12,newcastle_united,Newcastle United,wolverhampton_wanderers,Wolverhampton Wanderers,2,1,H,"26, 79",70,8,4
20230315bc,2022-2023,2023-03-15,brighton_&_hove_albion,Brighton & Hove Albion,crystal_palace,Crystal Palace,1,0,H,15,,5,3
20230315sb,2022-2023,2023-03-15,southampton,Southampton,brentford,Brentford,0,2,A,,"32, 97",1,5
20230317nn,2022-2023,2023-03-17,nottingham_forest,Nottingham Forest,newcastle_united,Newcastle United,1,2,A,26,"45, 93",3,4
20230318aa,2022-2023,2023-03-18,aston_villa,Aston Villa,afc_bournemouth,AFC Bournemouth,3,0,H,"7, 80, 89",,9,3
20230318bl,2022-2023,2023-03-18,brentford,Brentford,leicester_city,Leicester City,1,1,D,32,52,2,1
20230318st,2022-2023,2023-03-18,southampton,Southampton,tottenham_hotspur,Tottenham Hotspur,3,3,D,"46, 77, 93","45, 65, 74",7,3
20230318wl,2022-2023,2023-03-18,wolverhampton_wanderers,Wolverhampton Wanderers,leeds_united,Leeds United,2,4,A,"65, 73","6, 49, 62, 97",8,4
20230318ce,2022-2023,2023-03-18,chelsea,Chelsea,everton,Everton,2,2,D,"52, 76","69, 89",7,3
20230319ac,2022-2023,2023-03-19,arsenal,Arsenal,crystal_palace,Crystal Palace,4,1,H,"28, 43, 55, 74",63,5,4
20230401ml,2022-2023,2023-04-01,manchester_city,Manchester City,liverpool,Liverpool,4,1,H,"27, 46, 53, 74",17,8,1
20230401af,2022-2023,2023-04-01,afc_bournemouth,AFC Bournemouth,fulham,Fulham,2,1,H,"50, 79",16,7,2
20230401al,2022-2023,2023-04-01,arsenal,Arsenal,leeds_united,Leeds United,4,1,H,"35, 47, 55, 84",76,6,5
20230401bb,2022-2023,2023-04-01,brighton_&_hove_albion,Brighton & Hove Albion,brentford,Brentford,3,3,D,"21, 28, 90","10, 22, 49",15,5
20230401cl,2022-2023,2023-04-01,crystal_palace,Crystal Palace,leicester_city,Leicester City,2,1,H,"59, 94",56,9,2
20230401nw,2022-2023,2023-04-01,nottingham_forest,Nottingham Forest,wolverhampton_wanderers,Wolverhampton Wanderers,1,1,D,38,83,7,1
20230401ca,2022-2023,2023-04-01,chelsea,Chelsea,aston_villa,Aston Villa,0,2,A,,"18, 56",8,2
20230402ws,2022-2023,2023-04-02,west_ham_united,West Ham United,southampton,Southampton,1,0,H,25,,2,3
20230402nm,2022-2023,2023-04-02,newcastle_united,Newcastle United,manchester_united,Manchester United,2,0,H,"65, 88",,6,1
20230403et,2022-2023,2023-04-03,everton,Everton,tottenham_hotspur,Tottenham Hotspur,1,1,D,90,68,6,2
20230404ab,2022-2023,2023-04-04,afc_bournemouth,AFC Bournemouth,brighton_&_hove_albion,Brighton & Hove Albion,0,2,A,,"28, 91",3,6
20230404ln,2022-2023,2023-04-04,leeds_united,Leeds United,nottingham_forest,Nottingham Forest,2,1,H,"20, 45",12,6,1
20230404la,2022-2023,2023-04-04,leicester_city,Leicester City,aston_villa,Aston Villa,1,2,A,35,"24, 87",4,5
20230404cl,2022-2023,2023-04-04,chelsea,Chelsea,liverpool,Liverpool,0,0,D,,,3,4
20230405mb,2022-2023,2023-04-05,manchester_united,Manchester United,brentford,Brentford,1,0,H,27,,3,1
20230405wn,2022-2023,2023-04-05,west_ham_united,West Ham United,newcastle_united,Newcastle United,1,5,A,40,"6, 13, 46, 82, 90",2,8
20230408me,2022-2023,2023-04-08,manchester_united,Manchester United,everton,Everton,2,0,H,"36, 71",,11,1
20230408an,2022-2023,2023-04-08,aston_villa,Aston Villa,nottingham_forest,Nottingham Forest,2,0,H,"48, 95",,3,2
20230408bn,2022-2023,2023-04-08,brentford,Brentford,newcastle_united,Newcastle United,1,2,A,45,"54, 61",6,4
20230408fw,2022-2023,2023-04-08,fulham,Fulham,west_ham_united,West Ham United,0,1,A,,23,3,5
20230408la,2022-2023,2023-04-08,leicester_city,Leicester City,afc_bournemouth,AFC Bournemouth,0,1,A,,40,4,7
20230408tb,2022-2023,2023-04-08,tottenham_hotspur,Tottenham Hotspur,brighton_&_hove_albion,Brighton & Hove Albion,2,1,H,"10, 79",34,3,4
20230408wc,2022-2023,2023-04-08,wolverhampton_wanderers,Wolverhampton Wanderers,chelsea,Chelsea,1,0,H,31,,4,1
20230408sm,2022-2023,2023-04-08,southampton,Southampton,manchester_city,Manchester City,1,4,A,72,"45, 58, 68, 75",1,8
20230409lc,2022-2023,2023-04-09,leeds_united,Leeds United,crystal_palace,Crystal Palace,1,5,A,21,"45, 53, 55, 69, 77",7,8
20230409la,2022-2023,2023-04-09,liverpool,Liverpool,arsenal,Arsenal,2,2,D,"42, 87","8, 28",6,5
20230415an,2022-2023,2023-04-15,aston_villa,Aston Villa,newcastle_united,Newcastle United,3,0,H,"11, 64, 83",,6,2
20230415cb,2022-2023,2023-04-15,chelsea,Chelsea,brighton_&_hove_albion,Brighton & Hove Albion,1,2,A,13,"42, 69",2,10
20230415ef,2022-2023,2023-04-15,everton,Everton,fulham,Fulham,1,3,A,35,"22, 51, 68",7,7
20230415sc,2022-2023,2023-04-15,southampton,Southampton,crystal_palace,Crystal Palace,0,2,A,,"54, 68",4,2
20230415wb,2022-2023,2023-04-15,wolverhampton_wanderers,Wolverhampton Wanderers,brentford,Brentford,2,0,H,"27, 69",,9,3
20230415ta,2022-2023,2023-04-15,tottenham_hotspur,Tottenham Hotspur,afc_bournemouth,AFC Bournemouth,2,3,A,"14, 88","38, 51, 95",8,6
20230415ml,2022-2023,2023-04-15,manchester_city,Manchester City,leicester_city,Leicester City,3,1,H,"5, 13, 25",75,4,4
20230416wa,2022-2023,2023-04-16,west_ham_united,West Ham United,arsenal,Arsenal,2,2,D,"33, 54","7, 10",3,5
20230416nm,2022-2023,2023-04-16,nottingham_forest,Nottingham Forest,manchester_united,Manchester United,0,2,A,,"32, 76",0,8
20230417ll,2022-2023,2023-04-17,leeds_united,Leeds United,liverpool,Liverpool,1,6,A,47,"35, 39, 52, 64, 73, 90",3,7
20230421as,2022-2023,2023-04-21,arsenal,Arsenal,southampton,Southampton,3,3,D,"20, 88, 90","1, 14, 66",6,6
20230422fl,2022-2023,2023-04-22,fulham,Fulham,leeds_united,Leeds United,2,1,H,"58, 72",79,5,2
20230422ba,2022-2023,2023-04-22,brentford,Brentford,aston_villa,Aston Villa,1,1,D,65,87,5,2
20230422ce,2022-2023,2023-04-22,crystal_palace,Crystal Palace,everton,Everton,0,0,D,,,2,5
20230422lw,2022-2023,2023-04-22,leicester_city,Leicester City,wolverhampton_wanderers,Wolverhampton Wanderers,2,1,H,"37, 75",13,8,3
20230422ln,2022-2023,2023-04-22,liverpool,Liverpool,nottingham_forest,Nottingham Forest,3,2,H,"47, 55, 70","51, 67",6,5
20230423aw,2022-2023,2023-04-23,afc_bournemouth,AFC Bournemouth,west_ham_united,West Ham United,0,4,A,,"5, 12, 43, 72",5,10
20230423nt,2022-2023,2023-04-23,newcastle_united,Newcastle United,tottenham_hotspur,Tottenham Hotspur,6,1,H,"2, 6, 9, 19, 21, 67",49,8,3
20230425wc,2022-2023,2023-04-25,wolverhampton_wanderers,Wolverhampton Wanderers,crystal_palace,Crystal Palace,2,0,H,"3, 94",,3,4
20230425af,2022-2023,2023-04-25,aston_villa,Aston Villa,fulham,Fulham,1,0,H,21,,3,0
20230425ll,2022-2023,2023-04-25,leeds_united,Leeds United,leicester_city,Leicester City,1,1,D,20,80,3,3
20230426nb,2022-2023,2023-04-26,nottingham_forest,Nottingham Forest,brighton_&_hove_albion,Brighton & Hove Albion,3,1,H,"45, 69, 91",38,5,7
20230426cb,2022-2023,2023-04-26,chelsea,Chelsea,brentford,Brentford,0,2,A,,"37, 78",4,1
20230426wl,2022-2023,2023-04-26,west_ham_united,West Ham United,liverpool,Liverpool,1,2,A,12,"18, 67",2,4
20230426ma,2022-2023,2023-04-26,manchester_city,Manchester City,arsenal,Arsenal,4,1,H,"7, 45, 54, 95",86,9,2
20230427en,2022-2023,2023-04-27,everton,Everton,newcastle_united,Newcastle United,1,4,A,80,"28, 72, 75, 81",5,8
20230427sa,2022-2023,2023-04-27,southampton,Southampton,afc_bournemouth,AFC Bournemouth,0,1,A,,50,2,2
20230427tm,2022-2023,2023-04-27,tottenham_hotspur,Tottenham Hotspur,manchester_united,Manchester United,2,2,D,"56, 79","7, 44",7,8
20230429cw,2022-2023,2023-04-29,crystal_palace,Crystal Palace,west_ham_united,West Ham United,4,3,H,"15, 20, 30, 66","9, 35, 72",6,4
20230429bn,2022-2023,2023-04-29,brentford,Brentford,nottingham_forest,Nottingham Forest,2,1,H,"82, 94",45,8,3
20230429bw,2022-2023,2023-04-29,brighton_&_hove_albion,Brighton & Hove Albion,wolverhampton_wanderers,Wolverhampton Wanderers,6,0,H,"6, 13, 26, 39, 48, 66",,8,2
20230430al,2022-2023,2023-04-30,afc_bournemouth,AFC Bournemouth,leeds_united,Leeds United,4,1,H,"20, 24, 63, 91",32,7,6
20230430fm,2022-2023,2023-04-30,fulham,Fulham,manchester_city,Manchester City,1,2,A,15,"3, 36",1,9
20230430ma,2022-2023,2023-04-30,manchester_united,Manchester United,aston_villa,Aston Villa,1,0,H,39,,6,1
20230430ns,2022-2023,2023-04-30,newcastle_united,Newcastle United,southampton,Southampton,3,1,H,"54, 79, 81",41,5,3
20230430lt,2022-2023,2023-04-30,liverpool,Liverpool,tottenham_hotspur,Tottenham Hotspur,4,3,H,"3, 5, 15, 94","40, 77, 93",4,7
20230501le,2022-2023,2023-05-01,leicester_city,Leicester City,everton,Everton,2,2,D,"22, 33","15, 54",6,8
20230502ac,2022-2023,2023-05-02,arsenal,Arsenal,chelsea,Chelsea,3,1,H,"18, 31, 34",65,10,4
20230503lf,2022-2023,2023-05-03,liverpool,Liverpool,fulham,Fulham,1,0,H,39,,3,3
20230503mw,2022-2023,2023-05-03,manchester_city,Manchester City,west_ham_united,West Ham United,3,0,H,"49, 70, 85",,7,2
20230504bm,2022-2023,2023-05-04,brighton_&_hove_albion,Brighton & Hove Albion,manchester_united,Manchester United,1,0,H,99,,6,5
20230506ac,2022-2023,2023-05-06,afc_bournemouth,AFC Bournemouth,chelsea,Chelsea,1,3,A,21,"9, 82, 86",4,5
20230506ml,2022-2023,2023-05-06,manchester_city,Manchester City,leeds_united,Leeds United,2,1,H,"19, 27",85,6,2
20230506tc,2022-2023,2023-05-06,tottenham_hotspur,Tottenham Hotspur,crystal_palace,Crystal Palace,1,0,H,45,,3,2
20230506wa,2022-2023,2023-05-06,wolverhampton_wanderers,Wolverhampton Wanderers,aston_villa,Aston Villa,1,0,H,9,,2,3
20230506lb,2022-2023,2023-05-06,liverpool,Liverpool,brentford,Brentford,1,0,H,13,,5,1
20230507na,2022-2023,2023-05-07,newcastle_united,Newcastle United,arsenal,Arsenal,0,2,A,,"14, 71",5,6
20230507wm,2022-2023,2023-05-07,west_ham_united,West Ham United,manchester_united,Manchester United,1,0,H,27,,4,4
20230508fl,2022-2023,2023-05-08,fulham,Fulham,leicester_city,Leicester City,5,3,H,"10, 18, 44, 51, 70","59, 81, 89",7,9
20230508be,2022-2023,2023-05-08,brighton_&_hove_albion,Brighton & Hove Albion,everton,Everton,1,5,A,79,"1, 29, 35, 76, 96",5,5
20230508ns,2022-2023,2023-05-08,nottingham_forest,Nottingham Forest,southampton,Southampton,4,3,H,"18, 21, 44, 73","25, 51, 96",4,5
20230513ln,2022-2023,2023-05-13,leeds_united,Leeds United,newcastle_united,Newcastle United,2,2,D,"7, 79","31, 69",4,5
20230513at,2022-2023,2023-05-13,aston_villa,Aston Villa,tottenham_hotspur,Tottenham Hotspur,2,1,H,"8, 72",90,4,2
20230513cn,2022-2023,2023-05-13,chelsea,Chelsea,nottingham_forest,Nottingham Forest,2,2,D,"51, 58","13, 62",6,2
20230513ca,2022-2023,2023-05-13,crystal_palace,Crystal Palace,afc_bournemouth,AFC Bournemouth,2,0,H,"39, 58",,5,0
20230513mw,2022-2023,2023-05-13,manchester_united,Manchester United,wolverhampton_wanderers,Wolverhampton Wanderers,2,0,H,"32, 94",,9,0
20230513sf,2022-2023,2023-05-13,southampton,Southampton,fulham,Fulham,0,2,A,,"48, 72",1,4
20230514bw,2022-2023,2023-05-14,brentford,Brentford,west_ham_united,West Ham United,2,0,H,"20, 43",,10,4
20230514em,2022-2023,2023-05-14,everton,Everton,manchester_city,Manchester City,0,3,A,,"37, 39, 51",3,4
20230514ab,2022-2023,2023-05-14,arsenal,Arsenal,brighton_&_hove_albion,Brighton & Hove Albion,0,3,A,,"51, 86, 96",2,6
20230515ll,2022-2023,2023-05-15,leicester_city,Leicester City,liverpool,Liverpool,0,3,A,,"33, 36, 71",4,5
20230518nb,2022-2023,2023-05-18,newcastle_united,Newcastle United,brighton_&_hove_albion,Brighton & Hove Albion,4,1,H,"22, 45, 89, 91",51,9,2
20230520tb,2022-2023,2023-05-20,tottenham_hotspur,Tottenham Hotspur,brentford,Brentford,1,3,A,8,"50, 62, 88",8,4
20230520am,2022-2023,2023-05-20,afc_bournemouth,AFC Bournemouth,manchester_united,Manchester United,0,1,A,,9,4,5
20230520fc,2022-2023,2023-05-20,fulham,Fulham,crystal_palace,Crystal Palace,2,2,D,"45, 61","34, 83",4,5
20230520la,2022-2023,2023-05-20,liverpool,Liverpool,aston_villa,Aston Villa,1,1,D,89,27,5,3
20230520we,2022-2023,2023-05-20,wolverhampton_wanderers,Wolverhampton Wanderers,everton,Everton,1,1,D,34,99,5,4
20230520na,2022-2023,2023-05-20,nottingham_forest,Nottingham Forest,arsenal,Arsenal,1,0,H,19,,2,3
20230521wl,2022-2023,2023-05-21,west_ham_united,West Ham United,leeds_united,Leeds United,3,1,H,"32, 72, 94",17,9,3
20230521bs,2022-2023,2023-05-21,brighton_&_hove_albion,Brighton & Hove Albion,southampton,Southampton,3,1,H,"29, 40, 69",58,8,1
20230521mc,2022-2023,2023-05-21,manchester_city,Manchester City,chelsea,Chelsea,1,0,H,12,,2,6
20230522nl,2022-2023,2023-05-22,newcastle_united,Newcastle United,leicester_city,Leicester City,0,0,D,,,4,1
20230524bm,2022-2023,2023-05-24,brighton_&_hove_albion,Brighton & Hove Albion,manchester_city,Manchester City,1,1,D,38,25,7,4
20230525mc,2022-2023,2023-05-25,manchester_united,Manchester United,chelsea,Chelsea,4,1,H,"6, 45, 73, 78",89,9,5
20230528aw,2022-2023,2023-05-28,arsenal,Arsenal,wolverhampton_wanderers,Wolverhampton Wanderers,5,0,H,"11, 14, 27, 58, 78",,8,0
20230528ab,2022-2023,2023-05-28,aston_villa,Aston Villa,brighton_&_hove_albion,Brighton & Hove Albion,2,1,H,"8, 26",38,5,4
20230528bm,2022-2023,2023-05-28,brentford,Brentford,manchester_city,Manchester City,1,0,H,85,,4,3
20230528cn,2022-2023,2023-05-28,chelsea,Chelsea,newcastle_united,Newcastle United,1,1,D,27,9,5,4
20230528cn,2022-2023,2023-05-28,crystal_palace,Crystal Palace,nottingham_forest,Nottingham Forest,1,1,D,66,31,4,4
20230528ea,2022-2023,2023-05-28,everton,Everton,afc_bournemouth,AFC Bournemouth,1,0,H,57,,6,2
20230528lt,2022-2023,2023-05-28,leeds_united,Leeds United,tottenham_hotspur,Tottenham Hotspur,1,4,A,67,"2, 47, 69, 95",2,7
20230528lw,2022-2023,2023-05-28,leicester_city,Leicester City,west_ham_united,West Ham United,2,1,H,"34, 62",79,4,3
20230528mf,2022-2023,2023-05-28,manchester_united,Manchester United,fulham,Fulham,2,1,H,"39, 55",19,8,3
20230528sl,2022-2023,2023-05-28,southampton,Southampton,liverpool,Liverpool,4,4,D,"19, 28, 48, 64","10, 14, 72, 73",10,8
20230811bm,2023-2024,2023-08-11,burnley,Burnley,manchester_city,Manchester City,0,3,A,,"4, 36, 75",1,8
20230812an,2023-2024,2023-08-12,arsenal,Arsenal,nottingham_forest,Nottingham Forest,2,1,H,"26, 32",82,7,2
20230812aw,2023-2024,2023-08-12,afc_bournemouth,AFC Bournemouth,west_ham_united,West Ham United,1,1,D,82,51,5,3
20230812bl,2023-2024,2023-08-12,brighton_&_hove_albion,Brighton & Hove Albion,luton_town,Luton Town,4,1,H,"36, 71, 85, 95",81,12,3
20230812ef,2023-2024,2023-08-12,everton,Everton,fulham,Fulham,0,1,A,,73,9,2
20230812sc,2023-2024,2023-08-12,sheffield_united,Sheffield United,crystal_palace,Crystal Palace,0,1,A,,49,1,8
20230812na,2023-2024,2023-08-12,newcastle_united,Newcastle United,aston_villa,Aston Villa,5,1,H,"6, 16, 58, 77, 91",11,13,6
20230813bt,2023-2024,2023-08-13,brentford,Brentford,tottenham_hotspur,Tottenham Hotspur,2,2,D,"27, 36","11, 45",6,6
20230813cl,2023-2024,2023-08-13,chelsea,Chelsea,liverpool,Liverpool,1,1,D,37,18,4,1
20230814mw,2023-2024,2023-08-14,manchester_united,Manchester United,wolverhampton_wanderers,Wolverhampton Wanderers,1,0,H,76,,3,6
20230818ns,2023-2024,2023-08-18,nottingham_forest,Nottingham Forest,sheffield_united,Sheffield United,2,1,H,"3, 89",48,4,3
20230819fb,2023-2024,2023-08-19,fulham,Fulham,brentford,Brentford,0,3,A,,"44, 66, 92",2,8
20230819la,2023-2024,2023-08-19,liverpool,Liverpool,afc_bournemouth,AFC Bournemouth,3,1,H,"28, 36, 62",3,10,5
20230819wb,2023-2024,2023-08-19,wolverhampton_wanderers,Wolverhampton Wanderers,brighton_&_hove_albion,Brighton & Hove Albion,1,4,A,61,"15, 46, 51, 55",5,8
20230819tm,2023-2024,2023-08-19,tottenham_hotspur,Tottenham Hotspur,manchester_united,Manchester United,2,0,H,"49, 83",,6,6
20230819mn,2023-2024,2023-08-19,manchester_city,Manchester City,newcastle_united,Newcastle United,1,0,H,31,,4,1
20230820ae,2023-2024,2023-08-20,aston_villa,Aston Villa,everton,Everton,4,0,H,"18, 24, 51, 75",,7,2
20230820wc,2023-2024,2023-08-20,west_ham_united,West Ham United,chelsea,Chelsea,3,1,H,"7, 53, 95",28,6,4
20230821ca,2023-2024,2023-08-21,crystal_palace,Crystal Palace,arsenal,Arsenal,0,1,A,,54,2,3
20230825cl,2023-2024,2023-08-25,chelsea,Chelsea,luton_town,Luton Town,3,0,H,"17, 68, 75",,8,1
20230826at,2023-2024,2023-08-26,afc_bournemouth,AFC Bournemouth,tottenham_hotspur,Tottenham Hotspur,0,2,A,,"17, 63",3,6
20230826af,2023-2024,2023-08-26,arsenal,Arsenal,fulham,Fulham,2,2,D,"70, 72","1, 87",11,3
20230826bc,2023-2024,2023-08-26,brentford,Brentford,crystal_palace,Crystal Palace,1,1,D,18,76,1,5
20230826ew,2023-2024,2023-08-26,everton,Everton,wolverhampton_wanderers,Wolverhampton Wanderers,0,1,A,,87,7,2
20230826mn,2023-2024,2023-08-26,manchester_united,Manchester United,nottingham_forest,Nottingham Forest,3,2,H,"17, 52, 76","2, 4",9,4
20230826bw,2023-2024,2023-08-26,brighton_&_hove_albion,Brighton & Hove Albion,west_ham_united,West Ham United,1,3,A,81,"19, 58, 63",10,3
20230827ba,2023-2024,2023-08-27,burnley,Burnley,aston_villa,Aston Villa,1,3,A,47,"8, 20, 61",2,6
20230827sm,2023-2024,2023-08-27,sheffield_united,Sheffield United,manchester_city,Manchester City,1,2,A,85,"63, 88",2,9
20230827nl,2023-2024,2023-08-27,newcastle_united,Newcastle United,liverpool,Liverpool,1,2,A,25,"81, 93",8,4
20230901lw,2023-2024,2023-09-01,luton_town,Luton Town,west_ham_united,West Ham United,1,2,A,92,"37, 85",1,3
20230902se,2023-2024,2023-09-02,sheffield_united,Sheffield United,everton,Everton,2,2,D,"33, 45","14, 55",8,6
20230902ba,2023-2024,2023-09-02,brentford,Brentford,afc_bournemouth,AFC Bournemouth,2,2,D,"7, 93","30, 77",7,5
20230902bt,2023-2024,2023-09-02,burnley,Burnley,tottenham_hotspur,Tottenham Hotspur,2,5,A,"4, 94","16, 45, 54, 63, 66",4,10
20230902cn,2023-2024,2023-09-02,chelsea,Chelsea,nottingham_forest,Nottingham Forest,0,1,A,,48,2,3
20230902mf,2023-2024,2023-09-02,manchester_city,Manchester City,fulham,Fulham,5,1,H,"31, 45, 58, 70, 95",33,5,4
20230902bn,2023-2024,2023-09-02,brighton_&_hove_albion,Brighton & Hove Albion,newcastle_united,Newcastle United,3,1,H,"27, 65, 70",92,6,2
20230903cw,2023-2024,2023-09-03,crystal_palace,Crystal Palace,wolverhampton_wanderers,Wolverhampton Wanderers,3,2,H,"56, 78, 84","65, 96",11,4
20230903la,2023-2024,2023-09-03,liverpool,Liverpool,aston_villa,Aston Villa,3,0,H,"3, 22, 55",,4,3
20230903am,2023-2024,2023-09-03,arsenal,Arsenal,manchester_united,Manchester United,3,1,H,"28, 96, 101",27,5,2
20230916wl,2023-2024,2023-09-16,wolverhampton_wanderers,Wolverhampton Wanderers,liverpool,Liverpool,1,3,A,7,"55, 85, 91",2,6
20230916ac,2023-2024,2023-09-16,aston_villa,Aston Villa,crystal_palace,Crystal Palace,3,1,H,"87, 98, 101",47,5,3
20230916fl,2023-2024,2023-09-16,fulham,Fulham,luton_town,Luton Town,1,0,H,65,,2,2
20230916mb,2023-2024,2023-09-16,manchester_united,Manchester United,brighton_&_hove_albion,Brighton & Hove Albion,1,3,A,73,"20, 53, 71",4,8
20230916ts,2023-2024,2023-09-16,tottenham_hotspur,Tottenham Hotspur,sheffield_united,Sheffield United,2,1,H,"98, 100",73,10,5
20230916wm,2023-2024,2023-09-16,west_ham_united,West Ham United,manchester_city,Manchester City,1,3,A,36,"46, 76, 86",3,15
20230916nb,2023-2024,2023-09-16,newcastle_united,Newcastle United,brentford,Brentford,1,0,H,64,,2,2
20230917ac,2023-2024,2023-09-17,afc_bournemouth,AFC Bournemouth,chelsea,Chelsea,0,0,D,,,4,6
20230917ea,2023-2024,2023-09-17,everton,Everton,arsenal,Arsenal,0,1,A,,69,1,4
20230918nb,2023-2024,2023-09-18,nottingham_forest,Nottingham Forest,burnley,Burnley,1,1,D,61,41,4,3
20230923cf,2023-2024,2023-09-23,crystal_palace,Crystal Palace,fulham,Fulham,0,0,D,,,3,5
20230923lw,2023-2024,2023-09-23,luton_town,Luton Town,wolverhampton_wanderers,Wolverhampton Wanderers,1,1,D,65,50,4,3
20230923mn,2023-2024,2023-09-23,manchester_city,Manchester City,nottingham_forest,Nottingham Forest,2,0,H,"7, 14",,4,3
20230923be,2023-2024,2023-09-23,brentford,Brentford,everton,Everton,1,3,A,28,"6, 67, 71",2,6
20230923bm,2023-2024,2023-09-23,burnley,Burnley,manchester_united,Manchester United,0,1,A,,45,4,4
20230924at,2023-2024,2023-09-24,arsenal,Arsenal,tottenham_hotspur,Tottenham Hotspur,2,2,D,"26, 54","42, 55",6,5
20230924ba,2023-2024,2023-09-24,brighton_&_hove_albion,Brighton & Hove Albion,afc_bournemouth,AFC Bournemouth,3,1,H,"45, 46, 77",25,4,4
20230924ca,2023-2024,2023-09-24,chelsea,Chelsea,aston_villa,Aston Villa,0,1,A,,73,4,7
20230924lw,2023-2024,2023-09-24,liverpool,Liverpool,west_ham_united,West Ham United,3,1,H,"16, 60, 85",42,7,4
20230924sn,2023-2024,2023-09-24,sheffield_united,Sheffield United,newcastle_united,Newcastle United,0,8,A,,"21, 31, 35, 56, 61, 68, 73, 87",1,15
20230930ab,2023-2024,2023-09-30,aston_villa,Aston Villa,brighton_&_hove_albion,Brighton & Hove Albion,6,1,H,"14, 21, 26, 65, 85, 97",50,9,3
20230930aa,2023-2024,2023-09-30,afc_bournemouth,AFC Bournemouth,arsenal,Arsenal,0,4,A,,"17, 44, 53, 93",1,8
20230930el,2023-2024,2023-09-30,everton,Everton,luton_town,Luton Town,1,2,A,41,"24, 31",5,2
20230930mc,2023-2024,2023-09-30,manchester_united,Manchester United,crystal_palace,Crystal Palace,0,1,A,,25,4,2
20230930nb,2023-2024,2023-09-30,newcastle_united,Newcastle United,burnley,Burnley,2,0,H,"14, 76",,8,2
20230930ws,2023-2024,2023-09-30,west_ham_united,West Ham United,sheffield_united,Sheffield United,2,0,H,"24, 37",,9,2
20230930wm,2023-2024,2023-09-30,wolverhampton_wanderers,Wolverhampton Wanderers,manchester_city,Manchester City,2,1,H,"13, 66",58,1,8
20230930tl,2023-2024,2023-09-30,tottenham_hotspur,Tottenham Hotspur,liverpool,Liverpool,2,1,H,"36, 96",45,8,4
20231001nb,2023-2024,2023-10-01,nottingham_forest,Nottingham Forest,brentford,Brentford,1,1,D,65,58,1,5
20231002fc,2023-2024,2023-10-02,fulham,Fulham,chelsea,Chelsea,0,2,A,,"18, 19",3,4
20231003lb,2023-2024,2023-10-03,luton_town,Luton Town,burnley,Burnley,1,2,A,84,"45, 85",3,4
20231007lt,2023-2024,2023-10-07,luton_town,Luton Town,tottenham_hotspur,Tottenham Hotspur,0,1,A,,52,2,4
20231007bc,2023-2024,2023-10-07,burnley,Burnley,chelsea,Chelsea,1,4,A,15,"42, 50, 65, 74",3,5
20231007ea,2023-2024,2023-10-07,everton,Everton,afc_bournemouth,AFC Bournemouth,3,0,H,"8, 37, 60",,8,4
20231007fs,2023-2024,2023-10-07,fulham,Fulham,sheffield_united,Sheffield United,3,1,H,"53, 76, 92",68,6,2
20231007mb,2023-2024,2023-10-07,manchester_united,Manchester United,brentford,Brentford,2,1,H,"93, 97",26,8,3
20231007cn,2023-2024,2023-10-07,crystal_palace,Crystal Palace,nottingham_forest,Nottingham Forest,0,0,D,,,2,5
20231008bl,2023-2024,2023-10-08,brighton_&_hove_albion,Brighton & Hove Albion,liverpool,Liverpool,2,2,D,"20, 78","40, 45",3,4
20231008wn,2023-2024,2023-10-08,west_ham_united,West Ham United,newcastle_united,Newcastle United,2,2,D,"8, 89","57, 62",3,3
20231008wa,2023-2024,2023-10-08,wolverhampton_wanderers,Wolverhampton Wanderers,aston_villa,Aston Villa,1,1,D,53,55,3,4
20231008am,2023-2024,2023-10-08,arsenal,Arsenal,manchester_city,Manchester City,1,0,H,86,,2,1
20231021le,2023-2024,2023-10-21,liverpool,Liverpool,everton,Everton,2,0,H,"75, 97",,6,1
20231021aw,2023-2024,2023-10-21,afc_bournemouth,AFC Bournemouth,wolverhampton_wanderers,Wolverhampton Wanderers,1,2,A,17,"47, 88",4,7
20231021bb,2023-2024,2023-10-21,brentford,Brentford,burnley,Burnley,3,0,H,"25, 62, 87",,10,1
20231021mb,2023-2024,2023-10-21,manchester_city,Manchester City,brighton_&_hove_albion,Brighton & Hove Albion,2,1,H,"7, 19",73,6,3
20231021nc,2023-2024,2023-10-21,newcastle_united,Newcastle United,crystal_palace,Crystal Palace,4,0,H,"4, 44, 45, 66",,7,3
20231021nl,2023-2024,2023-10-21,nottingham_forest,Nottingham Forest,luton_town,Luton Town,2,2,D,"48, 76","83, 92",8,4
20231021ca,2023-2024,2023-10-21,chelsea,Chelsea,arsenal,Arsenal,2,2,D,"15, 48","77, 84",5,3
20231021sm,2023-2024,2023-10-21,sheffield_united,Sheffield United,manchester_united,Manchester United,1,2,A,34,"28, 77",6,5
20231022aw,2023-2024,2023-10-22,aston_villa,Aston Villa,west_ham_united,West Ham United,4,1,H,"30, 52, 74, 89",56,7,4
20231023tf,2023-2024,2023-10-23,tottenham_hotspur,Tottenham Hotspur,fulham,Fulham,2,0,H,"36, 54",,5,3
20231027ct,2023-2024,2023-10-27,crystal_palace,Crystal Palace,tottenham_hotspur,Tottenham Hotspur,1,2,A,94,"53, 66",3,1
20231028cb,2023-2024,2023-10-28,chelsea,Chelsea,brentford,Brentford,0,2,A,,"58, 96",2,5
20231028ab,2023-2024,2023-10-28,afc_bournemouth,AFC Bournemouth,burnley,Burnley,2,1,H,"22, 76",11,6,3
20231028as,2023-2024,2023-10-28,arsenal,Arsenal,sheffield_united,Sheffield United,5,0,H,"28, 50, 58, 88, 96",,8,0
20231028wn,2023-2024,2023-10-28,wolverhampton_wanderers,Wolverhampton Wanderers,newcastle_united,Newcastle United,2,2,D,"36, 71","22, 45",6,5
20231029we,2023-2024,2023-10-29,west_ham_united,West Ham United,everton,Everton,0,1,A,,51,2,4
20231029al,2023-2024,2023-10-29,aston_villa,Aston Villa,luton_town,Luton Town,3,1,H,"17, 49, 62",83,6,1
20231029bf,2023-2024,2023-10-29,brighton_&_hove_albion,Brighton & Hove Albion,fulham,Fulham,1,1,D,26,65,7,5
20231029ln,2023-2024,2023-10-29,liverpool,Liverpool,nottingham_forest,Nottingham Forest,3,0,H,"31, 35, 77",,8,1
20231029mm,2023-2024,2023-10-29,manchester_united,Manchester United,manchester_city,Manchester City,0,3,A,,"26, 49, 80",3,10
20231104fm,2023-2024,2023-11-04,fulham,Fulham,manchester_united,Manchester United,0,1,A,,91,3,5
20231104bw,2023-2024,2023-11-04,brentford,Brentford,west_ham_united,West Ham United,3,2,H,"11, 55, 69","19, 26",4,2
20231104bc,2023-2024,2023-11-04,burnley,Burnley,crystal_palace,Crystal Palace,0,2,A,,"22, 94",5,3
20231104eb,2023-2024,2023-11-04,everton,Everton,brighton_&_hove_albion,Brighton & Hove Albion,1,1,D,7,84,4,2
20231104ma,2023-2024,2023-11-04,manchester_city,Manchester City,afc_bournemouth,AFC Bournemouth,6,1,H,"30, 33, 37, 64, 83, 88",74,8,1
20231104sw,2023-2024,2023-11-04,sheffield_united,Sheffield United,wolverhampton_wanderers,Wolverhampton Wanderers,2,1,H,"72, 100",89,2,3
20231104na,2023-2024,2023-11-04,newcastle_united,Newcastle United,arsenal,Arsenal,1,0,H,64,,2,1
20231105na,2023-2024,2023-11-05,nottingham_forest,Nottingham Forest,aston_villa,Aston Villa,2,0,H,"5, 47",,3,3
20231105ll,2023-2024,2023-11-05,luton_town,Luton Town,liverpool,Liverpool,1,1,D,80,95,5,6
20231106tc,2023-2024,2023-11-06,tottenham_hotspur,Tottenham Hotspur,chelsea,Chelsea,1,4,A,6,"35, 75, 94, 97",5,8
20231111wt,2023-2024,2023-11-11,wolverhampton_wanderers,Wolverhampton Wanderers,tottenham_hotspur,Tottenham Hotspur,2,1,H,"91, 97",3,4,2
20231111ab,2023-2024,2023-11-11,arsenal,Arsenal,burnley,Burnley,3,1,H,"45, 57, 74",54,6,5
20231111ce,2023-2024,2023-11-11,crystal_palace,Crystal Palace,everton,Everton,2,3,A,"5, 74","1, 49, 86",4,4
20231111ml,2023-2024,2023-11-11,manchester_united,Manchester United,luton_town,Luton Town,1,0,H,59,,4,4
20231111an,2023-2024,2023-11-11,afc_bournemouth,AFC Bournemouth,newcastle_united,Newcastle United,2,0,H,"60, 73",,10,5
20231112af,2023-2024,2023-11-12,aston_villa,Aston Villa,fulham,Fulham,3,1,H,"27, 42, 64",70,6,5
20231112bs,2023-2024,2023-11-12,brighton_&_hove_albion,Brighton & Hove Albion,sheffield_united,Sheffield United,1,1,D,6,74,6,1
20231112lb,2023-2024,2023-11-12,liverpool,Liverpool,brentford,Brentford,3,0,H,"39, 62, 74",,10,3
20231112wn,2023-2024,2023-11-12,west_ham_united,West Ham United,nottingham_forest,Nottingham Forest,3,2,H,"3, 65, 88","44, 63",6,5
20231112cm,2023-2024,2023-11-12,chelsea,Chelsea,manchester_city,Manchester City,4,4,D,"29, 37, 67, 95","25, 45, 47, 86",9,10
20231125ml,2023-2024,2023-11-25,manchester_city,Manchester City,liverpool,Liverpool,1,1,D,27,80,5,3
20231125bw,2023-2024,2023-11-25,burnley,Burnley,west_ham_united,West Ham United,1,2,A,49,"86, 91",5,3
20231125lc,2023-2024,2023-11-25,luton_town,Luton Town,crystal_palace,Crystal Palace,2,1,H,"72, 83",74,3,8
20231125nc,2023-2024,2023-11-25,newcastle_united,Newcastle United,chelsea,Chelsea,4,1,H,"13, 60, 61, 83",23,5,4
20231125nb,2023-2024,2023-11-25,nottingham_forest,Nottingham Forest,brighton_&_hove_albion,Brighton & Hove Albion,2,3,A,"3, 76","26, 45, 58",5,5
20231125sa,2023-2024,2023-11-25,sheffield_united,Sheffield United,afc_bournemouth,AFC Bournemouth,1,3,A,97,"12, 45, 51",2,11
20231125ba,2023-2024,2023-11-25,brentford,Brentford,arsenal,Arsenal,0,1,A,,89,3,4
20231126ta,2023-2024,2023-11-26,tottenham_hotspur,Tottenham Hotspur,aston_villa,Aston Villa,1,2,A,22,"45, 61",8,5
20231126em,2023-2024,2023-11-26,everton,Everton,manchester_united,Manchester United,0,3,A,,"3, 56, 75",6,4
20231127fw,2023-2024,2023-11-27,fulham,Fulham,wolverhampton_wanderers,Wolverhampton Wanderers,3,2,H,"7, 59, 94","22, 75",6,6
20231202aw,2023-2024,2023-12-02,arsenal,Arsenal,wolverhampton_wanderers,Wolverhampton Wanderers,2,1,H,"6, 13",86,6,3
20231202bl,2023-2024,2023-12-02,brentford,Brentford,luton_town,Luton Town,3,1,H,"49, 56, 81",76,6,1
20231202bs,2023-2024,2023-12-02,burnley,Burnley,sheffield_united,Sheffield United,5,0,H,"1, 29, 73, 75, 80",,7,3
20231202ne,2023-2024,2023-12-02,nottingham_forest,Nottingham Forest,everton,Everton,0,1,A,,67,2,3
20231202nm,2023-2024,2023-12-02,newcastle_united,Newcastle United,manchester_united,Manchester United,1,0,H,55,,4,1
20231203aa,2023-2024,2023-12-03,afc_bournemouth,AFC Bournemouth,aston_villa,Aston Villa,2,2,D,"10, 52","20, 90",7,3
20231203cb,2023-2024,2023-12-03,chelsea,Chelsea,brighton_&_hove_albion,Brighton & Hove Albion,3,2,H,"17, 21, 65","43, 92",5,9
20231203lf,2023-2024,2023-12-03,liverpool,Liverpool,fulham,Fulham,4,3,H,"20, 38, 87, 88","24, 45, 80",12,5
20231203wc,2023-2024,2023-12-03,west_ham_united,West Ham United,crystal_palace,Crystal Palace,1,1,D,13,53,3,2
20231203mt,2023-2024,2023-12-03,manchester_city,Manchester City,tottenham_hotspur,Tottenham Hotspur,3,3,D,"9, 31, 81","6, 69, 90",4,4
20231205wb,2023-2024,2023-12-05,wolverhampton_wanderers,Wolverhampton Wanderers,burnley,Burnley,1,0,H,42,,4,3
20231205la,2023-2024,2023-12-05,luton_town,Luton Town,arsenal,Arsenal,3,4,A,"25, 49, 57","20, 45, 60, 97",4,9
20231206bb,2023-2024,2023-12-06,brighton_&_hove_albion,Brighton & Hove Albion,brentford,Brentford,2,1,H,"31, 52",27,7,2
20231206ca,2023-2024,2023-12-06,crystal_palace,Crystal Palace,afc_bournemouth,AFC Bournemouth,0,2,A,,"25, 91",3,4
20231206fn,2023-2024,2023-12-06,fulham,Fulham,nottingham_forest,Nottingham Forest,5,0,H,"30, 34, 54, 74, 86",,6,1
20231206sl,2023-2024,2023-12-06,sheffield_united,Sheffield United,liverpool,Liverpool,0,2,A,,"37, 94",1,8
20231206am,2023-2024,2023-12-06,aston_villa,Aston Villa,manchester_city,Manchester City,1,0,H,74,,7,2
20231206mc,2023-2024,2023-12-06,manchester_united,Manchester United,chelsea,Chelsea,2,1,H,"19, 69",45,9,3
20231207en,2023-2024,2023-12-07,everton,Everton,newcastle_united,Newcastle United,3,0,H,"79, 86, 96",,6,3
20231207tw,2023-2024,2023-12-07,tottenham_hotspur,Tottenham Hotspur,west_ham_united,West Ham United,1,2,A,11,"52, 74",7,5
20231209cl,2023-2024,2023-12-09,crystal_palace,Crystal Palace,liverpool,Liverpool,1,2,A,57,"76, 91",4,2
20231209bb,2023-2024,2023-12-09,brighton_&_hove_albion,Brighton & Hove Albion,burnley,Burnley,1,1,D,77,45,11,3
20231209ma,2023-2024,2023-12-09,manchester_united,Manchester United,afc_bournemouth,AFC Bournemouth,0,3,A,,"5, 68, 73",3,4
20231209sb,2023-2024,2023-12-09,sheffield_united,Sheffield United,brentford,Brentford,1,0,H,45,,4,4
20231209wn,2023-2024,2023-12-09,wolverhampton_wanderers,Wolverhampton Wanderers,nottingham_forest,Nottingham Forest,1,1,D,32,14,4,2
20231209aa,2023-2024,2023-12-09,aston_villa,Aston Villa,arsenal,Arsenal,1,0,H,7,,3,5
20231210ec,2023-2024,2023-12-10,everton,Everton,chelsea,Chelsea,2,0,H,"54, 92",,5,4
20231210fw,2023-2024,2023-12-10,fulham,Fulham,west_ham_united,West Ham United,5,0,H,"22, 31, 41, 60, 89",,8,5
20231210lm,2023-2024,2023-12-10,luton_town,Luton Town,manchester_city,Manchester City,1,2,A,45,"62, 65",2,6
20231210tn,2023-2024,2023-12-10,tottenham_hotspur,Tottenham Hotspur,newcastle_united,Newcastle United,4,1,H,"26, 38, 60, 85",91,12,3
20231215nt,2023-2024,2023-12-15,nottingham_forest,Nottingham Forest,tottenham_hotspur,Tottenham Hotspur,0,2,A,,"45, 65",1,6
20231216cs,2023-2024,2023-12-16,chelsea,Chelsea,sheffield_united,Sheffield United,2,0,H,"54, 61",,6,1
20231216mc,2023-2024,2023-12-16,manchester_city,Manchester City,crystal_palace,Crystal Palace,2,2,D,"24, 54","76, 95",9,2
20231216nf,2023-2024,2023-12-16,newcastle_united,Newcastle United,fulham,Fulham,3,0,H,"57, 64, 82",,10,4
20231216be,2023-2024,2023-12-16,burnley,Burnley,everton,Everton,0,2,A,,"19, 25",2,6
20231217ab,2023-2024,2023-12-17,arsenal,Arsenal,brighton_&_hove_albion,Brighton & Hove Albion,2,0,H,"53, 87",,9,1
20231217ba,2023-2024,2023-12-17,brentford,Brentford,aston_villa,Aston Villa,1,2,A,45,"77, 85",3,5
20231217ww,2023-2024,2023-12-17,west_ham_united,West Ham United,wolverhampton_wanderers,Wolverhampton Wanderers,3,0,H,"23, 32, 74",,4,3
20231217lm,2023-2024,2023-12-17,liverpool,Liverpool,manchester_united,Manchester United,0,0,D,,,8,1
20231221cb,2023-2024,2023-12-21,crystal_palace,Crystal Palace,brighton_&_hove_albion,Brighton & Hove Albion,1,1,D,45,82,3,6
20231222as,2023-2024,2023-12-22,aston_villa,Aston Villa,sheffield_united,Sheffield United,1,1,D,97,87,4,2
20231223wm,2023-2024,2023-12-23,west_ham_united,West Ham United,manchester_united,Manchester United,2,0,H,"72, 78",,5,3
20231223fb,2023-2024,2023-12-23,fulham,Fulham,burnley,Burnley,0,2,A,,"47, 66",5,2
20231223ln,2023-2024,2023-12-23,luton_town,Luton Town,newcastle_united,Newcastle United,1,0,H,25,,5,2
20231223na,2023-2024,2023-12-23,nottingham_forest,Nottingham Forest,afc_bournemouth,AFC Bournemouth,2,3,A,"47, 74","51, 58, 94",5,7
20231223te,2023-2024,2023-12-23,tottenham_hotspur,Tottenham Hotspur,everton,Everton,2,1,H,"9, 18",82,6,8
20231223la,2023-2024,2023-12-23,liverpool,Liverpool,arsenal,Arsenal,1,1,D,29,4,3,2
20231224wc,2023-2024,2023-12-24,wolverhampton_wanderers,Wolverhampton Wanderers,chelsea,Chelsea,2,1,H,"51, 93",96,6,5
20231226nn,2023-2024,2023-12-26,newcastle_united,Newcastle United,nottingham_forest,Nottingham Forest,1,3,A,23,"45, 53, 60",7,6
20231226af,2023-2024,2023-12-26,afc_bournemouth,AFC Bournemouth,fulham,Fulham,3,0,H,"44, 62, 93",,4,3
20231226sl,2023-2024,2023-12-26,sheffield_united,Sheffield United,luton_town,Luton Town,2,3,A,"61, 69","17, 77, 81",6,4
20231226bl,2023-2024,2023-12-26,burnley,Burnley,liverpool,Liverpool,0,2,A,,"6, 90",0,10
20231226ma,2023-2024,2023-12-26,manchester_united,Manchester United,aston_villa,Aston Villa,3,2,H,"59, 71, 82","21, 26",7,4
20231227bw,2023-2024,2023-12-27,brentford,Brentford,wolverhampton_wanderers,Wolverhampton Wanderers,1,4,A,16,"13, 14, 28, 79",4,5
20231227cc,2023-2024,2023-12-27,chelsea,Chelsea,crystal_palace,Crystal Palace,2,1,H,"13, 89",45,4,5
20231227em,2023-2024,2023-12-27,everton,Everton,manchester_city,Manchester City,1,3,A,29,"53, 64, 86",2,9
20231228bt,2023-2024,2023-12-28,brighton_&_hove_albion,Brighton & Hove Albion,tottenham_hotspur,Tottenham Hotspur,4,2,H,"11, 23, 63, 75","81, 85",9,3
20231228aw,2023-2024,2023-12-28,arsenal,Arsenal,west_ham_united,West Ham United,0,2,A,,"13, 55",8,3
20231230lc,2023-2024,2023-12-30,luton_town,Luton Town,chelsea,Chelsea,2,3,A,"80, 87","12, 37, 70",6,8
20231230ab,2023-2024,2023-12-30,aston_villa,Aston Villa,burnley,Burnley,3,2,H,"28, 42, 89","31, 71",7,5
20231230cb,2023-2024,2023-12-30,crystal_palace,Crystal Palace,brentford,Brentford,3,1,H,"14, 39, 58",2,6,4
20231230ms,2023-2024,2023-12-30,manchester_city,Manchester City,sheffield_united,Sheffield United,2,0,H,"14, 61",,4,2
20231230we,2023-2024,2023-12-30,wolverhampton_wanderers,Wolverhampton Wanderers,everton,Everton,3,0,H,"25, 53, 61",,6,0
20231230nm,2023-2024,2023-12-30,nottingham_forest,Nottingham Forest,manchester_united,Manchester United,2,1,H,"64, 82",78,2,5
20231231fa,2023-2024,2023-12-31,fulham,Fulham,arsenal,Arsenal,2,1,H,"29, 59",5,4,3
20231231ta,2023-2024,2023-12-31,tottenham_hotspur,Tottenham Hotspur,afc_bournemouth,AFC Bournemouth,3,1,H,"9, 71, 80",84,6,4
20240101ln,2023-2024,2024-01-01,liverpool,Liverpool,newcastle_united,Newcastle United,4,2,H,"49, 74, 78, 86","54, 81",15,3
20240102wb,2023-2024,2024-01-02,west_ham_united,West Ham United,brighton_&_hove_albion,Brighton & Hove Albion,0,0,D,,,2,8
20240112bl,2023-2024,2024-01-12,burnley,Burnley,luton_town,Luton Town,1,1,D,36,92,7,5
20240113cf,2023-2024,2024-01-13,chelsea,Chelsea,fulham,Fulham,1,0,H,45,,3,4
20240113nm,2023-2024,2024-01-13,newcastle_united,Newcastle United,manchester_city,Manchester City,2,3,A,"35, 37","26, 74, 91",5,11
20240114ea,2023-2024,2024-01-14,everton,Everton,aston_villa,Aston Villa,0,0,D,,,2,5
20240114mt,2023-2024,2024-01-14,manchester_united,Manchester United,tottenham_hotspur,Tottenham Hotspur,2,2,D,"3, 40","19, 46",2,6
20240120ac,2023-2024,2024-01-20,arsenal,Arsenal,crystal_palace,Crystal Palace,5,0,H,"11, 37, 59, 94, 95",,6,5
20240120bn,2023-2024,2024-01-20,brentford,Brentford,nottingham_forest,Nottingham Forest,3,2,H,"19, 58, 68","3, 65",5,3
20240121sw,2023-2024,2024-01-21,sheffield_united,Sheffield United,west_ham_united,West Ham United,2,2,D,"44, 103","28, 79",6,5
20240121al,2023-2024,2024-01-21,afc_bournemouth,AFC Bournemouth,liverpool,Liverpool,0,4,A,,"49, 70, 79, 93",1,7
20240122bw,2023-2024,2024-01-22,brighton_&_hove_albion,Brighton & Hove Albion,wolverhampton_wanderers,Wolverhampton Wanderers,0,0,D,,,4,3
20240130na,2023-2024,2024-01-30,nottingham_forest,Nottingham Forest,arsenal,Arsenal,1,2,A,89,"65, 72",3,3
20240130fe,2023-2024,2024-01-30,fulham,Fulham,everton,Everton,0,0,D,,,6,4
20240130lb,2023-2024,2024-01-30,luton_town,Luton Town,brighton_&_hove_albion,Brighton & Hove Albion,4,0,H,"1, 3, 42, 56",,8,2
20240130cs,2023-2024,2024-01-30,crystal_palace,Crystal Palace,sheffield_united,Sheffield United,3,2,H,"17, 27, 67","1, 20",4,5
20240130an,2023-2024,2024-01-30,aston_villa,Aston Villa,newcastle_united,Newcastle United,1,3,A,71,"32, 36, 52",6,5
20240131mb,2023-2024,2024-01-31,manchester_city,Manchester City,burnley,Burnley,3,1,H,"16, 22, 46",93,4,3
20240131tb,2023-2024,2024-01-31,tottenham_hotspur,Tottenham Hotspur,brentford,Brentford,3,2,H,"48, 49, 56","15, 67",5,5
20240131lc,2023-2024,2024-01-31,liverpool,Liverpool,chelsea,Chelsea,4,1,H,"23, 39, 65, 79",71,13,3
20240201wa,2023-2024,2024-02-01,west_ham_united,West Ham United,afc_bournemouth,AFC Bournemouth,1,1,D,61,3,3,4
20240201wm,2023-2024,2024-02-01,wolverhampton_wanderers,Wolverhampton Wanderers,manchester_united,Manchester United,3,4,A,"71, 85, 95","5, 22, 75, 97",7,8
20240203et,2023-2024,2024-02-03,everton,Everton,tottenham_hotspur,Tottenham Hotspur,2,2,D,"30, 94","4, 41",5,6
20240203bc,2023-2024,2024-02-03,brighton_&_hove_albion,Brighton & Hove Albion,crystal_palace,Crystal Palace,4,1,H,"3, 33, 34, 85",71,6,5
20240203bf,2023-2024,2024-02-03,burnley,Burnley,fulham,Fulham,2,2,D,"71, 91","17, 21",4,7
20240203nl,2023-2024,2024-02-03,newcastle_united,Newcastle United,luton_town,Luton Town,4,4,D,"7, 23, 67, 73","21, 40, 59, 62",6,8
20240203sa,2023-2024,2024-02-03,sheffield_united,Sheffield United,aston_villa,Aston Villa,0,5,A,,"12, 16, 20, 30, 47",5,10
20240204an,2023-2024,2024-02-04,afc_bournemouth,AFC Bournemouth,nottingham_forest,Nottingham Forest,1,1,D,5,45,2,6
20240204cw,2023-2024,2024-02-04,chelsea,Chelsea,wolverhampton_wanderers,Wolverhampton Wanderers,2,4,A,"19, 86","22, 43, 63, 82",6,7
20240204mw,2023-2024,2024-02-04,manchester_united,Manchester United,west_ham_united,West Ham United,3,0,H,"23, 49, 84",,5,3
20240204al,2023-2024,2024-02-04,arsenal,Arsenal,liverpool,Liverpool,3,1,H,"14, 67, 92",45,7,1
20240205bm,2023-2024,2024-02-05,brentford,Brentford,manchester_city,Manchester City,1,3,A,21,"45, 53, 70",3,15
20240210me,2023-2024,2024-02-10,manchester_city,Manchester City,everton,Everton,2,0,H,"71, 85",,3,1
20240210fa,2023-2024,2024-02-10,fulham,Fulham,afc_bournemouth,AFC Bournemouth,3,1,H,"6, 36, 52",50,6,4
20240210lb,2023-2024,2024-02-10,liverpool,Liverpool,burnley,Burnley,3,1,H,"31, 52, 79",45,10,4
20240210ls,2023-2024,2024-02-10,luton_town,Luton Town,sheffield_united,Sheffield United,1,3,A,52,"30, 36, 72",5,3
20240210tb,2023-2024,2024-02-10,tottenham_hotspur,Tottenham Hotspur,brighton_&_hove_albion,Brighton & Hove Albion,2,1,H,"61, 96",17,6,3
20240210wb,2023-2024,2024-02-10,wolverhampton_wanderers,Wolverhampton Wanderers,brentford,Brentford,0,2,A,,"35, 77",5,6
20240210nn,2023-2024,2024-02-10,nottingham_forest,Nottingham Forest,newcastle_united,Newcastle United,2,3,A,"26, 45","10, 43, 66",3,5
20240211wa,2023-2024,2024-02-11,west_ham_united,West Ham United,arsenal,Arsenal,0,6,A,,"32, 41, 44, 45, 63, 65",1,12
20240211am,2023-2024,2024-02-11,aston_villa,Aston Villa,manchester_united,Manchester United,1,2,A,67,"17, 86",10,5
20240212cc,2023-2024,2024-02-12,crystal_palace,Crystal Palace,chelsea,Chelsea,1,3,A,30,"47, 91, 94",4,5
20240217bl,2023-2024,2024-02-17,brentford,Brentford,liverpool,Liverpool,1,4,A,75,"35, 55, 68, 86",6,8
20240217ba,2023-2024,2024-02-17,burnley,Burnley,arsenal,Arsenal,0,5,A,,"4, 41, 47, 66, 78",0,7
20240217fa,2023-2024,2024-02-17,fulham,Fulham,aston_villa,Aston Villa,1,2,A,63,"23, 56",4,3
20240217na,2023-2024,2024-02-17,newcastle_united,Newcastle United,afc_bournemouth,AFC Bournemouth,2,2,D,"58, 92","51, 69",5,7
20240217nw,2023-2024,2024-02-17,nottingham_forest,Nottingham Forest,west_ham_united,West Ham United,2,0,H,"45, 94",,8,3
20240217tw,2023-2024,2024-02-17,tottenham_hotspur,Tottenham Hotspur,wolverhampton_wanderers,Wolverhampton Wanderers,1,2,A,46,"42, 63",4,7
20240217mc,2023-2024,2024-02-17,manchester_city,Manchester City,chelsea,Chelsea,1,1,D,83,42,5,6
20240218sb,2023-2024,2024-02-18,sheffield_united,Sheffield United,brighton_&_hove_albion,Brighton & Hove Albion,0,5,A,,"20, 24, 75, 78, 85",1,10
20240218lm,2023-2024,2024-02-18,luton_town,Luton Town,manchester_united,Manchester United,1,2,A,14,"1, 7",4,9
20240219ec,2023-2024,2024-02-19,everton,Everton,crystal_palace,Crystal Palace,1,1,D,84,66,4,4
20240220mb,2023-2024,2024-02-20,manchester_city,Manchester City,brentford,Brentford,1,0,H,71,,11,2
20240221ll,2023-2024,2024-02-21,liverpool,Liverpool,luton_town,Luton Town,4,1,H,"56, 58, 71, 90",12,13,3
20240224an,2023-2024,2024-02-24,aston_villa,Aston Villa,nottingham_forest,Nottingham Forest,4,2,H,"4, 29, 39, 61","45, 48",6,3
20240224be,2023-2024,2024-02-24,brighton_&_hove_albion,Brighton & Hove Albion,everton,Everton,1,1,D,95,73,7,3
20240224cb,2023-2024,2024-02-24,crystal_palace,Crystal Palace,burnley,Burnley,3,0,H,"68, 71, 79",,6,0
20240224mf,2023-2024,2024-02-24,manchester_united,Manchester United,fulham,Fulham,1,2,A,89,"65, 97",9,5
20240224am,2023-2024,2024-02-24,afc_bournemouth,AFC Bournemouth,manchester_city,Manchester City,0,1,A,,24,4,6
20240224an,2023-2024,2024-02-24,arsenal,Arsenal,newcastle_united,Newcastle United,4,1,H,"18, 24, 65, 69",84,8,2
20240225ws,2023-2024,2024-02-25,wolverhampton_wanderers,Wolverhampton Wanderers,sheffield_united,Sheffield United,1,0,H,30,,2,4
20240226wb,2023-2024,2024-02-26,west_ham_united,West Ham United,brentford,Brentford,4,2,H,"5, 7, 63, 69","13, 82",6,8
20240302bc,2023-2024,2024-03-02,brentford,Brentford,chelsea,Chelsea,2,2,D,"50, 69","35, 83",5,6
20240302ew,2023-2024,2024-03-02,everton,Everton,west_ham_united,West Ham United,1,3,A,56,"62, 91, 95",11,5
20240302fb,2023-2024,2024-03-02,fulham,Fulham,brighton_&_hove_albion,Brighton & Hove Albion,3,0,H,"21, 32, 91",,5,5
20240302nw,2023-2024,2024-03-02,newcastle_united,Newcastle United,wolverhampton_wanderers,Wolverhampton Wanderers,3,0,H,"14, 33, 92",,7,3
20240302nl,2023-2024,2024-03-02,nottingham_forest,Nottingham Forest,liverpool,Liverpool,0,1,A,,99,2,2
20240302tc,2023-2024,2024-03-02,tottenham_hotspur,Tottenham Hotspur,crystal_palace,Crystal Palace,3,1,H,"77, 80, 88",59,6,1
20240302la,2023-2024,2024-03-02,luton_town,Luton Town,aston_villa,Aston Villa,2,3,A,"66, 72","24, 38, 89",5,8
20240303ba,2023-2024,2024-03-03,burnley,Burnley,afc_bournemouth,AFC Bournemouth,0,2,A,,"13, 88",6,3
20240303mm,2023-2024,2024-03-03,manchester_city,Manchester City,manchester_united,Manchester United,3,1,H,"56, 80, 91",8,8,1
20240304sa,2023-2024,2024-03-04,sheffield_united,Sheffield United,arsenal,Arsenal,0,6,A,,"5, 13, 15, 25, 39, 58",0,10
20240309me,2023-2024,2024-03-09,manchester_united,Manchester United,everton,Everton,2,0,H,"12, 36",,8,6
20240309as,2023-2024,2024-03-09,afc_bournemouth,AFC Bournemouth,sheffield_united,Sheffield United,2,2,D,"74, 91","27, 64",12,9
20240309cl,2023-2024,2024-03-09,crystal_palace,Crystal Palace,luton_town,Luton Town,1,1,D,11,96,4,2
20240309wf,2023-2024,2024-03-09,wolverhampton_wanderers,Wolverhampton Wanderers,fulham,Fulham,2,1,H,"52, 67",98,3,6
20240309ab,2023-2024,2024-03-09,arsenal,Arsenal,brentford,Brentford,2,1,H,"19, 86",45,6,4
20240310at,2023-2024,2024-03-10,aston_villa,Aston Villa,tottenham_hotspur,Tottenham Hotspur,0,4,A,,"50, 53, 91, 94",1,5
20240310bn,2023-2024,2024-03-10,brighton_&_hove_albion,Brighton & Hove Albion,nottingham_forest,Nottingham Forest,1,0,H,29,,3,4
20240310wb,2023-2024,2024-03-10,west_ham_united,West Ham United,burnley,Burnley,2,2,D,"46, 91","11, 45",4,4
20240310lm,2023-2024,2024-03-10,liverpool,Liverpool,manchester_city,Manchester City,1,1,D,50,23,6,6
20240311cn,2023-2024,2024-03-11,chelsea,Chelsea,newcastle_united,Newcastle United,3,2,H,"6, 57, 76","43, 90",8,3
20240313al,2023-2024,2024-03-13,afc_bournemouth,AFC Bournemouth,luton_town,Luton Town,4,3,H,"50, 62, 64, 83","9, 31, 45",10,4
20240316bb,2023-2024,2024-03-16,burnley,Burnley,brentford,Brentford,2,1,H,"10, 62",83,6,5
20240316ln,2023-2024,2024-03-16,luton_town,Luton Town,nottingham_forest,Nottingham Forest,1,1,D,89,34,4,6
20240316ft,2023-2024,2024-03-16,fulham,Fulham,tottenham_hotspur,Tottenham Hotspur,3,0,H,"42, 49, 61",,7,5
20240317wa,2023-2024,2024-03-17,west_ham_united,West Ham United,aston_villa,Aston Villa,1,1,D,29,79,5,5
20240330nw,2023-2024,2024-03-30,newcastle_united,Newcastle United,west_ham_united,West Ham United,4,3,H,"6, 77, 83, 90","21, 45, 48",9,4
20240330ae,2023-2024,2024-03-30,afc_bournemouth,AFC Bournemouth,everton,Everton,2,1,H,"64, 91",87,4,3
20240330cb,2023-2024,2024-03-30,chelsea,Chelsea,burnley,Burnley,2,2,D,"44, 78","47, 81",13,7
20240330nc,2023-2024,2024-03-30,nottingham_forest,Nottingham Forest,crystal_palace,Crystal Palace,1,1,D,61,11,5,3
20240330sf,2023-2024,2024-03-30,sheffield_united,Sheffield United,fulham,Fulham,3,3,D,"58, 68, 70","62, 86, 93",4,9
20240330tl,2023-2024,2024-03-30,tottenham_hotspur,Tottenham Hotspur,luton_town,Luton Town,2,1,H,"51, 86",3,4,3
20240330aw,2023-2024,2024-03-30,aston_villa,Aston Villa,wolverhampton_wanderers,Wolverhampton Wanderers,2,0,H,"36, 65",,5,3
20240330bm,2023-2024,2024-03-30,brentford,Brentford,manchester_united,Manchester United,1,1,D,99,96,5,5
20240331lb,2023-2024,2024-03-31,liverpool,Liverpool,brighton_&_hove_albion,Brighton & Hove Albion,2,1,H,"27, 65",2,8,3
20240331ma,2023-2024,2024-03-31,manchester_city,Manchester City,arsenal,Arsenal,0,0,D,,,1,2
20240402ne,2023-2024,2024-04-02,newcastle_united,Newcastle United,everton,Everton,1,1,D,15,88,6,3
20240402nf,2023-2024,2024-04-02,nottingham_forest,Nottingham Forest,fulham,Fulham,3,1,H,"9, 19, 45",49,4,3
20240402ac,2023-2024,2024-04-02,afc_bournemouth,AFC Bournemouth,crystal_palace,Crystal Palace,1,0,H,79,,6,2
20240402bw,2023-2024,2024-04-02,burnley,Burnley,wolverhampton_wanderers,Wolverhampton Wanderers,1,1,D,37,45,6,2
20240402wt,2023-2024,2024-04-02,west_ham_united,West Ham United,tottenham_hotspur,Tottenham Hotspur,1,1,D,19,5,4,4
20240403al,2023-2024,2024-04-03,arsenal,Arsenal,luton_town,Luton Town,2,0,H,"24, 44",,4,1
20240403bb,2023-2024,2024-04-03,brentford,Brentford,brighton_&_hove_albion,Brighton & Hove Albion,0,0,D,,,2,6
20240403ma,2023-2024,2024-04-03,manchester_city,Manchester City,aston_villa,Aston Villa,4,1,H,"11, 45, 62, 69",20,11,3
20240404ls,2023-2024,2024-04-04,liverpool,Liverpool,sheffield_united,Sheffield United,3,1,H,"17, 76, 90",58,9,3
20240404cm,2023-2024,2024-04-04,chelsea,Chelsea,manchester_united,Manchester United,4,3,H,"4, 19, 100, 101","34, 39, 67",10,5
20240406cm,2023-2024,2024-04-06,crystal_palace,Crystal Palace,manchester_city,Manchester City,2,4,A,"4, 86","13, 47, 66, 70",4,8
20240406ab,2023-2024,2024-04-06,aston_villa,Aston Villa,brentford,Brentford,3,3,D,"38, 46, 80","59, 61, 68",3,3
20240406eb,2023-2024,2024-04-06,everton,Everton,burnley,Burnley,1,0,H,45,,3,1
20240406fn,2023-2024,2024-04-06,fulham,Fulham,newcastle_united,Newcastle United,0,1,A,,81,4,5
20240406la,2023-2024,2024-04-06,luton_town,Luton Town,afc_bournemouth,AFC Bournemouth,2,1,H,"73, 90",52,9,1
20240406ww,2023-2024,2024-04-06,wolverhampton_wanderers,Wolverhampton Wanderers,west_ham_united,West Ham United,1,2,A,33,"73, 84",7,4
20240406ba,2023-2024,2024-04-06,brighton_&_hove_albion,Brighton & Hove Albion,arsenal,Arsenal,0,3,A,,"33, 62, 86",2,7
20240407ml,2023-2024,2024-04-07,manchester_united,Manchester United,liverpool,Liverpool,2,2,D,"50, 67","23, 84",5,7
20240407sc,2023-2024,2024-04-07,sheffield_united,Sheffield United,chelsea,Chelsea,2,2,D,"32, 93","11, 66",6,3
20240407tn,2023-2024,2024-04-07,tottenham_hotspur,Tottenham Hotspur,nottingham_forest,Nottingham Forest,3,1,H,"15, 52, 58",27,7,6
20240413nt,2023-2024,2024-04-13,newcastle_united,Newcastle United,tottenham_hotspur,Tottenham Hotspur,4,0,H,"30, 32, 51, 87",,5,2
20240413bs,2023-2024,2024-04-13,brentford,Brentford,sheffield_united,Sheffield United,2,0,H,"63, 93",,5,2
20240413bb,2023-2024,2024-04-13,burnley,Burnley,brighton_&_hove_albion,Brighton & Hove Albion,1,1,D,74,79,3,8
20240413ml,2023-2024,2024-04-13,manchester_city,Manchester City,luton_town,Luton Town,5,1,H,"2, 64, 76, 87, 93",81,13,2
20240413nw,2023-2024,2024-04-13,nottingham_forest,Nottingham Forest,wolverhampton_wanderers,Wolverhampton Wanderers,2,2,D,"45, 57","40, 62",9,4
20240413am,2023-2024,2024-04-13,afc_bournemouth,AFC Bournemouth,manchester_united,Manchester United,2,2,D,"16, 36","31, 65",5,2
20240414lc,2023-2024,2024-04-14,liverpool,Liverpool,crystal_palace,Crystal Palace,0,1,A,,14,6,5
20240414wf,2023-2024,2024-04-14,west_ham_united,West Ham United,fulham,Fulham,0,2,A,,"9, 72",4,10
20240414aa,2023-2024,2024-04-14,arsenal,Arsenal,aston_villa,Aston Villa,0,2,A,,"84, 87",4,2
20240415ce,2023-2024,2024-04-15,chelsea,Chelsea,everton,Everton,6,0,H,"13, 18, 29, 44, 64, 90",,10,2
20240420lb,2023-2024,2024-04-20,luton_town,Luton Town,brentford,Brentford,1,5,A,92,"24, 45, 62, 64, 86",3,9
20240420sb,2023-2024,2024-04-20,sheffield_united,Sheffield United,burnley,Burnley,1,4,A,52,"38, 40, 58, 71",11,9
20240420wa,2023-2024,2024-04-20,wolverhampton_wanderers,Wolverhampton Wanderers,arsenal,Arsenal,0,2,A,,"45, 95",3,9
20240421en,2023-2024,2024-04-21,everton,Everton,nottingham_forest,Nottingham Forest,2,0,H,"29, 76",,4,3
20240421aa,2023-2024,2024-04-21,aston_villa,Aston Villa,afc_bournemouth,AFC Bournemouth,3,1,H,"45, 57, 78",31,4,6
20240421cw,2023-2024,2024-04-21,crystal_palace,Crystal Palace,west_ham_united,West Ham United,5,2,H,"7, 16, 20, 31, 64","40, 89",7,1
20240421fl,2023-2024,2024-04-21,fulham,Fulham,liverpool,Liverpool,1,3,A,45,"32, 53, 72",5,7
20240423ac,2023-2024,2024-04-23,arsenal,Arsenal,chelsea,Chelsea,5,0,H,"4, 52, 57, 65, 70",,10,1
20240424wa,2023-2024,2024-04-24,wolverhampton_wanderers,Wolverhampton Wanderers,afc_bournemouth,AFC Bournemouth,0,1,A,,37,4,6
20240424cn,2023-2024,2024-04-24,crystal_palace,Crystal Palace,newcastle_united,Newcastle United,2,0,H,"55, 88",,7,2
20240424el,2023-2024,2024-04-24,everton,Everton,liverpool,Liverpool,2,0,H,"27, 58",,6,7
20240424ms,2023-2024,2024-04-24,manchester_united,Manchester United,sheffield_united,Sheffield United,4,2,H,"42, 61, 81, 85","35, 50",13,4
20240425bm,2023-2024,2024-04-25,brighton_&_hove_albion,Brighton & Hove Albion,manchester_city,Manchester City,0,4,A,,"17, 26, 34, 62",3,6
20240427wl,2023-2024,2024-04-27,west_ham_united,West Ham United,liverpool,Liverpool,2,2,D,"43, 77","48, 65",8,8
20240427fc,2023-2024,2024-04-27,fulham,Fulham,crystal_palace,Crystal Palace,1,1,D,52,87,2,4
20240427mb,2023-2024,2024-04-27,manchester_united,Manchester United,burnley,Burnley,1,1,D,79,87,10,7
20240427ns,2023-2024,2024-04-27,newcastle_united,Newcastle United,sheffield_united,Sheffield United,5,1,H,"26, 54, 61, 65, 72",5,7,5
20240427wl,2023-2024,2024-04-27,wolverhampton_wanderers,Wolverhampton Wanderers,luton_town,Luton Town,2,1,H,"39, 50",80,5,6
20240427eb,2023-2024,2024-04-27,everton,Everton,brentford,Brentford,1,0,H,60,,1,4
20240427ac,2023-2024,2024-04-27,aston_villa,Aston Villa,chelsea,Chelsea,2,2,D,"4, 42","62, 81",4,5
20240428ab,2023-2024,2024-04-28,afc_bournemouth,AFC Bournemouth,brighton_&_hove_albion,Brighton & Hove Albion,3,0,H,"13, 52, 87",,6,1
20240428ta,2023-2024,2024-04-28,tottenham_hotspur,Tottenham Hotspur,arsenal,Arsenal,2,3,A,"64, 87","15, 27, 38",2,3
20240428nm,2023-2024,2024-04-28,nottingham_forest,Nottingham Forest,manchester_city,Manchester City,0,2,A,,"32, 71",2,5
20240502ct,2023-2024,2024-05-02,chelsea,Chelsea,tottenham_hotspur,Tottenham Hotspur,2,0,H,"24, 72",,5,3
20240503le,2023-2024,2024-05-03,luton_town,Luton Town,everton,Everton,1,1,D,31,24,5,3
20240504aa,2023-2024,2024-05-04,arsenal,Arsenal,afc_bournemouth,AFC Bournemouth,3,0,H,"45, 70, 97",,9,2
20240504bf,2023-2024,2024-05-04,brentford,Brentford,fulham,Fulham,0,0,D,,,3,3
20240504bn,2023-2024,2024-05-04,burnley,Burnley,newcastle_united,Newcastle United,1,4,A,86,"19, 35, 40, 55",5,11
20240504sn,2023-2024,2024-05-04,sheffield_united,Sheffield United,nottingham_forest,Nottingham Forest,1,3,A,17,"27, 51, 65",5,4
20240504mw,2023-2024,2024-05-04,manchester_city,Manchester City,wolverhampton_wanderers,Wolverhampton Wanderers,5,1,H,"12, 35, 45, 54, 85",53,12,1
20240505ba,2023-2024,2024-05-05,brighton_&_hove_albion,Brighton & Hove Albion,aston_villa,Aston Villa,1,0,H,87,,8,1
20240505cw,2023-2024,2024-05-05,chelsea,Chelsea,west_ham_united,West Ham United,5,0,H,"15, 30, 36, 48, 80",,14,2
20240505lt,2023-2024,2024-05-05,liverpool,Liverpool,tottenham_hotspur,Tottenham Hotspur,4,2,H,"16, 45, 50, 59","72, 77",13,6
20240506cm,2023-2024,2024-05-06,crystal_palace,Crystal Palace,manchester_united,Manchester United,4,0,H,"12, 40, 58, 66",,10,2
20240511fm,2023-2024,2024-05-11,fulham,Fulham,manchester_city,Manchester City,0,4,A,,"13, 59, 71, 96",1,9
20240511ab,2023-2024,2024-05-11,afc_bournemouth,AFC Bournemouth,brentford,Brentford,1,2,A,89,"86, 95",4,5
20240511es,2023-2024,2024-05-11,everton,Everton,sheffield_united,Sheffield United,1,0,H,31,,6,1
20240511nb,2023-2024,2024-05-11,newcastle_united,Newcastle United,brighton_&_hove_albion,Brighton & Hove Albion,1,1,D,45,18,7,4
20240511tb,2023-2024,2024-05-11,tottenham_hotspur,Tottenham Hotspur,burnley,Burnley,2,1,H,"32, 82",25,9,3
20240511wl,2023-2024,2024-05-11,west_ham_united,West Ham United,luton_town,Luton Town,3,1,H,"54, 65, 76",6,8,1
20240511wc,2023-2024,2024-05-11,wolverhampton_wanderers,Wolverhampton Wanderers,crystal_palace,Crystal Palace,1,3,A,66,"26, 28, 73",7,3
20240511nc,2023-2024,2024-05-11,nottingham_forest,Nottingham Forest,chelsea,Chelsea,2,3,A,"16, 74","8, 80, 82",4,5
20240512ma,2023-2024,2024-05-12,manchester_united,Manchester United,arsenal,Arsenal,0,1,A,,20,2,5
20240513al,2023-2024,2024-05-13,aston_villa,Aston Villa,liverpool,Liverpool,3,3,D,"12, 85, 88","2, 23, 48",5,7
20240514tm,2023-2024,2024-05-14,tottenham_hotspur,Tottenham Hotspur,manchester_city,Manchester City,0,2,A,,"51, 91",5,5
20240515bc,2023-2024,2024-05-15,brighton_&_hove_albion,Brighton & Hove Albion,chelsea,Chelsea,1,2,A,97,"34, 64",2,6
20240515mn,2023-2024,2024-05-15,manchester_united,Manchester United,newcastle_united,Newcastle United,3,2,H,"31, 57, 84","49, 92",8,8
20240519ae,2023-2024,2024-05-19,arsenal,Arsenal,everton,Everton,2,1,H,"43, 89",40,5,2
20240519bn,2023-2024,2024-05-19,brentford,Brentford,newcastle_united,Newcastle United,2,4,A,"48, 70","21, 36, 38, 77",5,7
20240519bm,2023-2024,2024-05-19,brighton_&_hove_albion,Brighton & Hove Albion,manchester_united,Manchester United,0,2,A,,"73, 88",3,4
20240519bn,2023-2024,2024-05-19,burnley,Burnley,nottingham_forest,Nottingham Forest,1,2,A,72,"2, 14",3,6
20240519ca,2023-2024,2024-05-19,chelsea,Chelsea,afc_bournemouth,AFC Bournemouth,2,1,H,"17, 48",49,6,5
20240519ca,2023-2024,2024-05-19,crystal_palace,Crystal Palace,aston_villa,Aston Villa,5,0,H,"9, 39, 54, 63, 69",,9,2
20240519lw,2023-2024,2024-05-19,liverpool,Liverpool,wolverhampton_wanderers,Wolverhampton Wanderers,2,0,H,"34, 40",,14,3
20240519lf,2023-2024,2024-05-19,luton_town,Luton Town,fulham,Fulham,2,4,A,"45, 55","43, 45, 49, 69",6,7
20240519mw,2023-2024,2024-05-19,manchester_city,Manchester City,west_ham_united,West Ham United,3,1,H,"2, 18, 59",42,12,2
20240519st,2023-2024,2024-05-19,sheffield_united,Sheffield United,tottenham_hotspur,Tottenham Hotspur,0,3,A,,"14, 59, 65",1,9

