Date,Time,local,visit,g_loc,g_vis,m_loc,m_vis,PossH,PossA,TSH,TSA,On_TargetH,On_TargetA,Off_TargetH,Off_TargetA,BlockedH,BlockedA,PassingpcH,PassingpcA,ClearCutChancesH,ClearCutChancesA,CornersH,CornersA,OffsidesH,OffsidesA,TacklespcH,TacklespcA,AerialDuelspcH,AerialDuelspcA,SavesH,SavesA,FoulsCommittedH,FoulsCommittedA,FoulsWonH,FoulsWonA,YellowCardsH,YellowCardsA,RedCardsH,RedCardsA,Stadium,Attendance,Referee,Assistants,Fourth_official
17/12/2023,14:00,Brentford,A Villa,1,2,[45],"[77, 85]",32.8,67.2,4.0,15.0,3.0,5.0,1.0,6.0,0.0,4.0,68.0,85.0,1.0,4.0,7.0,12.0,7.0,0.0,48.5,91.7,33.3,66.7,3.0,2.0,19.0,6.0,6.0,18.0,6.0,4.0,1.0,1.0,Gtech Community Stadium,17034,David Coote,Simon Hooper,Craig Pawson
17/12/2023,14:00,West Ham,Wolves,3,0,"[22, 32, 74]",[],44.2,55.8,13.0,14.0,4.0,3.0,5.0,4.0,4.0,7.0,79.2,84.3,1.0,0.0,6.0,6.0,1.0,2.0,66.7,52.0,56.8,43.2,3.0,1.0,12.0,15.0,15.0,11.0,3.0,1.0,0.0,0.0,London Stadium,62455,Chris Kavanagh,Graham Scott,Jarred Gillet
17/12/2023,16:30,Liverpool,Man Utd,0,0,[],[],68.3,31.7,34.0,6.0,8.0,1.0,13.0,4.0,13.0,1.0,84.0,71.3,1.0,1.0,12.0,0.0,4.0,2.0,54.2,58.8,42.3,57.7,2.0,8.0,13.0,8.0,8.0,13.0,2.0,4.0,0.0,1.0,Anfield,57158,Michael Oliver,Anthony Taylor,John Brooks
16/12/2023,15:00,Chelsea,Sheff Utd,2,0,"[54, 61]",[],77.7,22.3,15.0,6.0,6.0,1.0,4.0,1.0,5.0,4.0,90.8,61.1,4.0,0.0,7.0,6.0,3.0,1.0,31.3,53.6,45.5,54.5,1.0,4.0,9.0,14.0,14.0,9.0,1.0,3.0,0.0,0.0,Stamford Bridge,39599,Andy Madley,Robert Jones,Peter Bankes
16/12/2023,15:00,Man City,C Palace,2,2,"[24, 54]","[76, 90]",74.2,25.8,19.0,5.0,9.0,2.0,5.0,1.0,5.0,2.0,91.8,75.8,4.0,1.0,6.0,1.0,2.0,1.0,15.4,21.4,64.3,35.7,0.0,7.0,12.0,9.0,9.0,12.0,1.0,1.0,0.0,0.0,Etihad Stadium.,,Paul Tierney,Darren England,Stuart Attwell
16/12/2023,15:00,Newcastle,Fulham,3,0,"[57, 64, 82]",[],70.8,29.2,27.0,6.0,10.0,4.0,10.0,2.0,7.0,0.0,90.4,77.0,5.0,0.0,5.0,1.0,2.0,0.0,54.5,50.0,81.0,19.0,4.0,7.0,7.0,12.0,12.0,7.0,0.0,2.0,0.0,1.0,"""St James Park",52055,Samuel Barrott,Oliver Langford,Michael Salisbury
16/12/2023,17:30,Burnley,Everton,0,2,[],"[19, 25]",62.1,37.9,14.0,9.0,2.0,6.0,3.0,3.0,9.0,0.0,84.9,71.8,0.0,4.0,8.0,6.0,0.0,4.0,50.0,91.7,47.8,52.2,4.0,2.0,9.0,8.0,8.0,9.0,0.0,1.0,0.0,0.0,Turf Moor,21413,Anthony Taylor,Thomas Bramall,Chris Kavanagh
15/12/2023,20:00,N Forest,Tottenham,0,2,[],"[45, 65]",32.7,67.3,15.0,12.0,1.0,6.0,8.0,2.0,6.0,4.0,73.4,88.8,2.0,2.0,6.0,4.0,5.0,0.0,65.5,57.9,41.9,58.1,4.0,1.0,16.0,11.0,10.0,15.0,2.0,4.0,0.0,1.0,The City Ground,29296,Jarred Gillet,Peter Bankes,Michael Oliver
10/12/2023,14:00,Everton,Chelsea,2,0,"[54, 90]",[],27.9,72.1,9.0,16.0,5.0,4.0,2.0,6.0,2.0,6.0,64.1,86.8,1.0,0.0,4.0,8.0,2.0,1.0,56.5,70.0,46.9,53.1,4.0,3.0,12.0,12.0,11.0,11.0,2.0,2.0,0.0,0.0,Goodison Park,39280,Michael Oliver,Tony Harrington,Stuart Attwell
10/12/2023,14:00,Fulham,West Ham,5,0,"[22, 31, 40, 60, 88]",[],63.2,36.8,14.0,9.0,8.0,5.0,5.0,3.0,1.0,1.0,89.2,83.7,4.0,2.0,3.0,6.0,0.0,0.0,42.9,70.0,73.7,26.3,5.0,3.0,5.0,10.0,9.0,5.0,2.0,1.0,0.0,0.0,Craven Cottage,23988,Paul Tierney,Steve Martin,David Coote
10/12/2023,14:00,Luton,Man City,1,2,[45],"[62, 65]",34.7,65.3,4.0,18.0,2.0,6.0,2.0,7.0,0.0,5.0,74.2,86.4,1.0,3.0,6.0,3.0,1.0,1.0,40.0,47.6,40.0,60.0,4.0,1.0,16.0,6.0,5.0,15.0,2.0,1.0,0.0,0.0,Kenilworth Road,11047,Tim Robinson,Craig Pawson,Jarred Gillet
10/12/2023,16:30,Tottenham,Newcastle,4,1,"[26, 38, 60, 85]",[90],56.2,43.8,23.0,9.0,12.0,3.0,8.0,4.0,3.0,2.0,85.8,83.9,6.0,2.0,3.0,6.0,1.0,3.0,71.0,44.4,81.3,18.8,2.0,7.0,10.0,12.0,12.0,10.0,1.0,3.0,0.0,0.0,Tottenham Hotspur Stadium,61171,Chris Kavanagh,Thomas Bramall,Peter Bankes
9/12/2023,24:30,C Palace,Liverpool,1,2,[57],"[76, 90]",24.1,75.9,8.0,14.0,4.0,2.0,2.0,7.0,2.0,5.0,58.4,87.5,2.0,2.0,6.0,5.0,0.0,6.0,60.9,72.7,41.7,58.3,0.0,3.0,17.0,17.0,17.0,17.0,5.0,2.0,1.0,0.0,Selhurst Park,25103,Andy Madley,Thomas Bramall,John Brooks
9/12/2023,15:00,Brighton,Burnley,1,1,[77],[45],72.0,28.0,29.0,6.0,11.0,3.0,11.0,1.0,7.0,2.0,90.7,73.1,3.0,1.0,9.0,1.0,2.0,1.0,46.2,60.7,55.9,44.1,2.0,10.0,5.0,8.0,8.0,5.0,0.0,4.0,0.0,0.0,Amex Stadium,31511,Simon Hooper,Tim Robinson,Michael Oliver
9/12/2023,15:00,Man Utd,"""Bmouth""",0,3,[],"[5, 68, 73]",69.0,31.0,20.0,10.0,3.0,4.0,5.0,5.0,12.0,1.0,85.0,70.3,0.0,3.0,10.0,4.0,1.0,2.0,65.2,47.4,61.1,38.9,1.0,3.0,7.0,10.0,9.0,7.0,3.0,1.0,0.0,0.0,Old Trafford,73427,Peter Bankes,Anthony Taylor,Paul Tierney
9/12/2023,15:00,Sheff Utd,Brentford,1,0,[45],[],40.2,59.8,9.0,10.0,4.0,4.0,4.0,3.0,1.0,3.0,72.5,78.5,1.0,0.0,3.0,4.0,1.0,1.0,57.1,73.9,61.5,38.5,4.0,3.0,14.0,13.0,13.0,13.0,5.0,1.0,0.0,0.0,Bramall Lane,28509,Stuart Attwell,Darren England,Robert Jones
9/12/2023,15:00,Wolves,N Forest,1,1,[32],[14],68.1,31.9,10.0,8.0,4.0,2.0,4.0,4.0,2.0,2.0,84.7,68.4,1.0,1.0,4.0,3.0,3.0,1.0,44.4,71.4,36.1,65.7,1.0,3.0,9.0,11.0,11.0,9.0,0.0,1.0,0.0,0.0,Molineux,31543,Samuel Barrott,Tony Harrington,Chris Kavanagh
9/12/2023,17:30,A Villa,Arsenal,1,0,[7],[],38.5,61.5,10.0,12.0,3.0,5.0,2.0,4.0,5.0,3.0,72.3,84.2,0.0,3.0,3.0,3.0,1.0,4.0,54.8,58.1,33.3,66.7,3.0,2.0,16.0,11.0,10.0,16.0,4.0,2.0,0.0,0.0,Villa Park.,,Jarred Gillet,Graham Scott,Michael Salisbury
7/12/2023,19:30,Everton,Newcastle,3,0,"[79, 86, 90]",[],38.5,61.5,21.0,13.0,6.0,3.0,8.0,7.0,7.0,3.0,75.1,83.9,3.0,3.0,5.0,2.0,0.0,2.0,59.1,70.0,65.5,34.5,3.0,3.0,18.0,8.0,8.0,18.0,3.0,0.0,0.0,0.0,Goodison Park,38198,Tim Robinson,Darren England,David Coote
7/12/2023,20:15,Tottenham,West Ham,1,2,[11],"[52, 74]",75.0,25.0,23.0,11.0,7.0,5.0,10.0,4.0,6.0,2.0,91.5,73.3,1.0,1.0,8.0,4.0,1.0,6.0,72.2,65.2,57.9,42.1,3.0,5.0,11.0,12.0,10.0,10.0,3.0,3.0,0.0,0.0,Tottenham Hotspur Stadium,60733,Michael Salisbury,Andy Madley,John Brooks
6/12/2023,19:30,Brighton,Brentford,2,1,"[31, 52]",[27],61.6,38.4,18.0,8.0,7.0,2.0,7.0,3.0,4.0,3.0,86.5,74.0,1.0,0.0,7.0,3.0,1.0,2.0,60.0,67.9,65.8,34.2,0.0,5.0,10.0,8.0,8.0,10.0,3.0,1.0,0.0,0.0,Amex Stadium,30760,Peter Bankes,Graham Scott,Andy Madley
6/12/2023,19:30,C Palace,"""Bmouth""",0,2,[],"[25, 90]",59.1,40.9,16.0,11.0,3.0,4.0,7.0,4.0,6.0,3.0,82.6,72.6,1.0,2.0,3.0,9.0,0.0,0.0,73.9,52.6,48.7,51.3,2.0,3.0,10.0,17.0,16.0,9.0,1.0,3.0,0.0,0.0,Selhurst Park,25078,Craig Pawson,Darren England,Michael Salisbury
6/12/2023,19:30,Fulham,N Forest,5,0,"[30, 73, 34, 54, 86]",[],63.7,36.3,14.0,4.0,6.0,1.0,4.0,3.0,4.0,0.0,88.0,82.3,4.0,0.0,6.0,1.0,2.0,3.0,90.9,61.5,64.0,36.0,1.0,1.0,7.0,10.0,10.0,7.0,0.0,1.0,0.0,0.0,Craven Cottage,24105,Josh Smith,Thomas Bramall,Jarred Gillet
6/12/2023,19:30,Sheff Utd,Liverpool,0,2,[],"[37, 90]",24.3,75.7,6.0,15.0,1.0,8.0,3.0,5.0,2.0,2.0,48.3,83.7,2.0,4.0,2.0,12.0,1.0,4.0,75.0,62.5,31.0,69.0,6.0,1.0,12.0,8.0,8.0,12.0,2.0,3.0,0.0,0.0,Bramall Lane,31406,Simon Hooper,Tony Harrington,Michael Oliver
6/12/2023,20:15,A Villa,Man City,1,0,[74],[],46.1,53.9,22.0,2.0,7.0,2.0,6.0,0.0,9.0,0.0,85.3,87.3,1.0,2.0,6.0,0.0,0.0,5.0,46.7,63.2,75.0,25.0,2.0,6.0,13.0,13.0,13.0,12.0,2.0,2.0,0.0,0.0,Villa Park,41421,John Brooks,Anthony Taylor,Paul Tierney
6/12/2023,20:15,Man Utd,Chelsea,2,1,"[19, 69]",[45],44.8,55.2,28.0,13.0,9.0,3.0,11.0,7.0,8.0,3.0,85.4,85.9,3.0,4.0,12.0,4.0,3.0,1.0,81.3,50.0,35.7,64.3,2.0,7.0,12.0,12.0,12.0,12.0,4.0,0.0,0.0,0.0,Old Trafford,73607,Chris Kavanagh,Tim Robinson,David Coote
5/12/2023,19:30,Wolves,Burnley,1,0,[42],[],51.1,48.9,7.0,12.0,4.0,3.0,3.0,5.0,0.0,4.0,79.2,77.3,2.0,1.0,6.0,8.0,2.0,0.0,70.6,57.9,55.9,44.1,3.0,3.0,11.0,15.0,15.0,10.0,2.0,4.0,0.0,0.0,Molineux,30439,Jarred Gillet,Thomas Bramall,Robert Jones
5/12/2023,20:15,Luton,Arsenal,3,4,"[25, 49, 57]","[20, 45, 60, 90]",33.4,66.6,6.0,23.0,4.0,9.0,1.0,5.0,1.0,9.0,65.9,84.9,1.0,3.0,3.0,8.0,1.0,4.0,60.0,38.5,50.0,50.0,5.0,1.0,14.0,7.0,7.0,14.0,2.0,1.0,0.0,0.0,Kenilworth Road,11112,Samuel Barrott,Darren Bond,Chris Kavanagh
3/12/2023,14:00,"""Bmouth""",A Villa,2,2,"[10, 52]","[20, 90]",37.3,62.7,15.0,11.0,7.0,3.0,5.0,3.0,3.0,5.0,71.6,79.9,4.0,1.0,7.0,7.0,3.0,2.0,76.0,66.7,47.1,52.9,1.0,5.0,16.0,12.0,12.0,16.0,5.0,3.0,0.0,0.0,Vitality Stadium,11191,Thomas Bramall,James Bell,Chris Kavanagh
3/12/2023,14:00,Chelsea,Brighton,3,2,"[17, 65, 21]","[43, 90]",32.4,67.6,8.0,18.0,5.0,9.0,3.0,5.0,0.0,4.0,80.4,89.9,1.0,0.0,5.0,8.0,2.0,3.0,53.8,45.0,55.0,45.0,7.0,2.0,16.0,12.0,12.0,16.0,3.0,5.0,1.0,0.0,Stamford Bridge,39647,Craig Pawson,Michael Salisbury,Jarred Gillet
3/12/2023,14:00,Liverpool,Fulham,4,3,"[20, 38, 87, 88]","[24, 45, 80]",61.2,38.8,26.0,9.0,12.0,5.0,8.0,1.0,6.0,3.0,81.6,72.4,3.0,1.0,3.0,4.0,5.0,1.0,73.3,40.9,44.4,55.6,2.0,9.0,6.0,7.0,7.0,6.0,0.0,0.0,0.0,0.0,Anfield.,,Stuart Attwell,Tim Robinson,Paul Tierney
3/12/2023,14:00,West Ham,C Palace,1,1,[13],[53],54.5,45.5,9.0,9.0,3.0,2.0,4.0,3.0,2.0,4.0,80.6,73.6,2.0,1.0,2.0,3.0,2.0,0.0,70.6,60.9,51.8,48.2,1.0,2.0,17.0,7.0,7.0,16.0,2.0,0.0,0.0,0.0,London Stadium,62459,Michael Oliver,Darren Bond,Peter Bankes
3/12/2023,16:30,Man City,Tottenham,3,3,"[9, 31, 81]","[6, 69, 90]",55.0,45.0,17.0,8.0,4.0,4.0,9.0,1.0,4.0,3.0,87.6,85.2,4.0,1.0,10.0,8.0,2.0,2.0,57.1,46.2,52.9,47.1,1.0,2.0,14.0,14.0,13.0,13.0,4.0,4.0,0.0,0.0,Etihad Stadium,53473,Simon Hooper,Anthony Taylor,Robert Jones
2/12/2023,15:00,Arsenal,Wolves,2,1,"[6, 13]",[86],56.7,43.3,19.0,6.0,6.0,3.0,8.0,3.0,5.0,0.0,88.3,79.9,4.0,2.0,4.0,0.0,3.0,0.0,47.1,55.6,45.0,55.0,2.0,4.0,10.0,10.0,8.0,9.0,1.0,2.0,0.0,0.0,Emirates Stadium,60262,Peter Bankes,Thomas Bramall,John Brooks
2/12/2023,15:00,Brentford,Luton,3,1,"[49, 56, 81]",[76],68.6,31.4,27.0,7.0,6.0,1.0,9.0,1.0,12.0,5.0,84.7,69.0,0.0,0.0,7.0,5.0,0.0,2.0,50.0,47.1,30.3,69.7,0.0,3.0,10.0,8.0,8.0,10.0,1.0,2.0,0.0,0.0,Gtech Community Stadium,17075,Anthony Taylor,Robert Madley,Andy Madley
2/12/2023,15:00,Burnley,Sheff Utd,5,0,"[1, 29, 73, 75, 80]",[],63.6,36.4,19.0,6.0,7.0,3.0,6.0,3.0,6.0,0.0,84.2,72.5,3.0,1.0,6.0,1.0,3.0,1.0,60.0,45.5,59.0,41.0,3.0,2.0,10.0,12.0,12.0,10.0,2.0,5.0,0.0,1.0,Turf Moor,20891,Chris Kavanagh,Leigh Doughty,Stuart Attwell
2/12/2023,17:30,N Forest,Everton,0,1,[],[67],61.6,38.4,13.0,12.0,2.0,3.0,5.0,5.0,6.0,4.0,81.8,65.5,0.0,1.0,4.0,3.0,1.0,2.0,66.7,37.5,46.0,54.0,1.0,2.0,15.0,14.0,13.0,15.0,1.0,0.0,0.0,0.0,The City Ground,29404,Paul Tierney,Matt Donohue,Michael Oliver
2/12/2023,20:00,Newcastle,Man Utd,1,0,[55],[],58.3,41.7,22.0,8.0,4.0,1.0,11.0,2.0,7.0,5.0,83.3,75.7,3.0,0.0,7.0,3.0,0.0,1.0,88.2,60.0,66.7,33.3,1.0,3.0,6.0,14.0,14.0,6.0,1.0,2.0,0.0,0.0,"""St James Park",52214,Robert Jones,Graham Scott,Michael Salisbury
27/11/2023,20:00,Fulham,Wolves,3,2,"[7, 59, 90]","[22, 75]",59.8,40.2,12.0,10.0,6.0,6.0,3.0,4.0,3.0,0.0,84.4,75.2,1.0,1.0,6.0,2.0,1.0,1.0,41.2,54.5,64.7,35.3,4.0,3.0,13.0,13.0,13.0,12.0,2.0,2.0,0.0,0.0,Craven Cottage,24366,Michael Salisbury,Darren England,Stuart Attwell
26/11/2023,14:00,Tottenham,A Villa,1,2,[22],"[45, 61]",62.0,38.0,18.0,15.0,8.0,5.0,9.0,8.0,1.0,2.0,90.2,86.2,4.0,4.0,9.0,3.0,5.0,2.0,57.1,50.0,50.0,50.0,3.0,6.0,11.0,13.0,12.0,11.0,0.0,4.0,0.0,0.0,Tottenham Hotspur Stadium,61679,Robert Jones,"Timothy Wood, Wade Smith",Tim Robinson
26/11/2023,16:30,Everton,Man Utd,0,3,[],"[3, 56, 75]",50.6,49.4,24.0,9.0,6.0,4.0,12.0,5.0,6.0,0.0,77.9,76.1,2.0,2.0,6.0,5.0,2.0,2.0,60.0,42.9,43.6,56.4,1.0,6.0,10.0,8.0,8.0,10.0,3.0,0.0,0.0,0.0,Goodison Park,39257,John Brooks,"Darren Cann, Lee Betts",Andy Madley
25/11/2023,24:30,Man City,Liverpool,1,1,[27],[80],60.0,40.0,16.0,8.0,5.0,3.0,4.0,3.0,7.0,2.0,91.0,81.6,2.0,1.0,9.0,6.0,3.0,4.0,63.6,58.3,65.4,34.6,2.0,4.0,9.0,11.0,11.0,8.0,1.0,3.0,0.0,0.0,Etihad Stadium,53289,Chris Kavanagh,"Dan Robathan, Simon Bennett",Thomas Bramall
25/11/2023,15:00,Burnley,West Ham,1,2,[49],"[86, 90]",50.9,49.1,11.0,11.0,5.0,3.0,6.0,3.0,0.0,5.0,82.5,75.9,1.0,2.0,4.0,5.0,2.0,1.0,64.7,70.0,47.6,52.4,2.0,4.0,11.0,7.0,6.0,11.0,1.0,3.0,0.0,0.0,Turf Moor,21319,Samuel Barrott,"Steven Meredith, Marc Perry",Matt Donohue
25/11/2023,15:00,Luton,C Palace,2,1,"[72, 83]",[74],39.0,61.0,8.0,16.0,3.0,8.0,3.0,3.0,2.0,5.0,74.3,79.4,1.0,1.0,4.0,5.0,1.0,1.0,38.9,52.9,50.0,50.0,7.0,1.0,15.0,12.0,11.0,14.0,6.0,1.0,0.0,0.0,Kenilworth Road,11029,Jarred Gillet,"Matt Wilkes, James Mainwaring",James Linington
25/11/2023,15:00,Newcastle,Chelsea,4,1,"[13, 60, 61, 83]",[23],54.0,46.0,14.0,7.0,5.0,4.0,4.0,3.0,5.0,0.0,86.3,84.2,3.0,1.0,4.0,2.0,0.0,0.0,50.0,57.7,33.3,66.7,3.0,1.0,13.0,19.0,17.0,13.0,4.0,4.0,0.0,1.0,"""St James Park",52227,Simon Hooper,"Simon Long, Adrian Holmes",Jeremy Simpson
25/11/2023,15:00,N Forest,Brighton,2,3,"[3, 76]","[26, 45, 58]",46.7,53.3,18.0,11.0,5.0,5.0,5.0,3.0,8.0,3.0,81.5,86.9,3.0,0.0,6.0,4.0,0.0,0.0,46.2,61.5,51.5,48.5,2.0,3.0,12.0,7.0,7.0,12.0,2.0,5.0,0.0,1.0,The City Ground,29404,Anthony Taylor,"Gary Beswick, Adam Nunn",Andy Davies
25/11/2023,15:00,Sheff Utd,"""Bmouth""",1,3,[90],"[12, 51, 45]",45.5,54.5,10.0,23.0,2.0,11.0,4.0,10.0,4.0,2.0,66.9,75.7,1.0,2.0,4.0,7.0,4.0,1.0,53.8,68.8,47.5,52.5,8.0,1.0,6.0,8.0,8.0,6.0,4.0,1.0,0.0,0.0,Bramall Lane,30208,Andy Madley,"Harry Lennard, Nicholas Hopton",Sunny Gill
25/11/2023,17:30,Brentford,Arsenal,0,1,[],[89],36.4,63.6,9.0,15.0,3.0,4.0,5.0,7.0,1.0,4.0,64.8,81.9,2.0,3.0,1.0,8.0,2.0,3.0,64.3,62.5,53.5,46.5,3.0,1.0,9.0,7.0,6.0,8.0,1.0,1.0,0.0,0.0,Gtech Community Stadium,17201,Tim Robinson,"Nick Greenhalgh, Edward Smart",Josh Smith
12/11/2023,14:00,A Villa,Fulham,3,1,"[27, 42, 64]",[70],50.7,49.3,12.0,9.0,6.0,5.0,5.0,4.0,1.0,0.0,83.2,84.5,3.0,1.0,2.0,2.0,3.0,7.0,57.1,40.0,62.5,37.5,4.0,4.0,4.0,17.0,17.0,4.0,2.0,5.0,0.0,0.0,Villa Park,41608,Simon Hooper,"Adrian Holmes, Simon Long",Darren England
12/11/2023,14:00,Brighton,Sheff Utd,1,1,[6],[74],61.4,38.6,11.0,9.0,6.0,1.0,4.0,6.0,1.0,2.0,86.8,78.5,1.0,1.0,6.0,3.0,3.0,1.0,53.8,55.6,56.0,44.0,1.0,5.0,13.0,16.0,16.0,13.0,3.0,2.0,1.0,0.0,Amex Stadium,31367,John Brooks,"Simon Bennett, Lee Betts",Andy Madley
12/11/2023,14:00,Liverpool,Brentford,3,0,"[39, 62, 74]",[],58.3,41.7,17.0,16.0,10.0,3.0,4.0,9.0,3.0,4.0,82.3,76.0,3.0,2.0,6.0,8.0,2.0,2.0,50.0,57.1,52.5,47.5,3.0,8.0,16.0,12.0,10.0,16.0,1.0,2.0,0.0,0.0,Anfield,50151,Paul Tierney,"Nick Greenhalgh, Mark Scholes",Tim Robinson
12/11/2023,14:00,West Ham,N Forest,3,2,"[3, 65, 88]","[44, 63]",54.3,45.7,16.0,10.0,6.0,5.0,4.0,2.0,6.0,3.0,85.1,81.3,2.0,2.0,9.0,4.0,1.0,1.0,63.2,47.1,47.2,52.8,3.0,3.0,9.0,12.0,12.0,8.0,2.0,2.0,0.0,0.0,London Stadium,62470,Michael Salisbury,"Derek Eaton, Richard West",Robert Jones
12/11/2023,16:30,Chelsea,Man City,4,4,"[29, 37, 67, 90]","[25, 47, 45, 86]",45.2,54.8,17.0,15.0,9.0,10.0,3.0,3.0,5.0,2.0,84.9,89.8,2.0,4.0,3.0,3.0,1.0,0.0,61.9,52.9,42.9,57.1,6.0,5.0,13.0,15.0,13.0,13.0,5.0,3.0,0.0,0.0,Stamford Bridge,39532,Anthony Taylor,"Gary Beswick, Adam Nunn",Craig Pawson
11/11/2023,24:30,Wolves,Tottenham,2,1,"[90, 90]",[3],41.5,58.5,17.0,6.0,4.0,2.0,6.0,2.0,7.0,2.0,84.7,87.7,3.0,1.0,11.0,3.0,4.0,1.0,56.5,57.9,52.6,47.4,1.0,2.0,19.0,15.0,15.0,19.0,4.0,3.0,0.0,0.0,Molineux,31642,Tim Robinson,"Timothy Wood, Wade Smith",Thomas Bramall
11/11/2023,15:00,Arsenal,Burnley,3,1,"[45, 57, 74]",[54],63.5,36.5,16.0,8.0,6.0,5.0,6.0,3.0,4.0,0.0,85.6,79.3,3.0,0.0,13.0,3.0,3.0,2.0,47.1,61.5,56.0,44.0,4.0,3.0,8.0,9.0,9.0,7.0,0.0,1.0,1.0,0.0,Emirates Stadium,60232,Michael Oliver,"Stuart Burt, Daniel Cook",Craig Pawson
11/11/2023,15:00,C Palace,Everton,2,3,"[5, 73]","[1, 49, 86]",67.2,32.8,13.0,8.0,4.0,4.0,3.0,3.0,6.0,1.0,87.1,72.9,1.0,1.0,9.0,2.0,4.0,0.0,50.0,59.1,63.2,36.8,1.0,3.0,9.0,18.0,18.0,7.0,1.0,4.0,0.0,0.0,Selhurst Park,25103,Samuel Barrott,"Dan Robathan, Marc Perry",Anthony Taylor
11/11/2023,15:00,Man Utd,Luton,1,0,[59],[],64.5,35.5,15.0,10.0,4.0,4.0,8.0,2.0,3.0,4.0,87.0,79.1,3.0,0.0,11.0,3.0,1.0,1.0,58.8,78.6,59.1,40.9,4.0,3.0,9.0,11.0,9.0,9.0,0.0,2.0,0.0,0.0,Old Trafford,73599,Graham Scott,"Edward Smart, Neil Davies",Darren England
11/11/2023,17:30,"""Bmouth""",Newcastle,2,0,"[60, 73]",[],47.6,52.4,19.0,8.0,10.0,5.0,6.0,3.0,3.0,0.0,78.4,80.4,1.0,0.0,6.0,5.0,0.0,2.0,66.7,69.6,53.8,46.2,5.0,8.0,10.0,4.0,4.0,10.0,2.0,1.0,0.0,0.0,Vitality Stadium,11201,Chris Kavanagh,"Darren Cann, Nicholas Hopton",James Linington
6/11/2023,20:00,Tottenham,Chelsea,1,4,[6],"[35, 75, 90, 90]",38.7,61.3,8.0,17.0,5.0,8.0,1.0,7.0,2.0,2.0,79.5,86.9,1.0,4.0,1.0,6.0,3.0,7.0,70.8,61.1,36.4,63.6,3.0,4.0,12.0,21.0,20.0,12.0,1.0,5.0,2.0,0.0,Tottenham Hotspur Stadium,61726,Michael Oliver,"Daniel Cook, Stuart Burt",Thomas Bramall
5/11/2023,14:00,N Forest,A Villa,2,0,"[5, 47]",[],26.5,73.5,5.0,13.0,3.0,3.0,2.0,6.0,0.0,4.0,71.7,91.4,0.0,2.0,0.0,10.0,9.0,1.0,60.0,50.0,42.1,57.9,3.0,1.0,6.0,9.0,9.0,6.0,1.0,1.0,0.0,0.0,The City Ground,29313,Jarred Gillet,"Derek Eaton, Darren Cann",Paul Tierney
5/11/2023,16:30,Luton,Liverpool,1,1,[80],[90],26.2,73.8,8.0,24.0,5.0,6.0,2.0,12.0,1.0,6.0,59.0,88.2,1.0,6.0,4.0,7.0,1.0,1.0,50.0,41.7,38.2,61.8,5.0,4.0,7.0,13.0,13.0,5.0,1.0,1.0,0.0,0.0,Kenilworth Road,11049,Andy Madley,"Harry Lennard, Nicholas Hopton",Anthony Taylor
4/11/2023,24:30,Fulham,Man Utd,0,1,[],[90],45.0,55.0,18.0,12.0,3.0,5.0,8.0,5.0,7.0,2.0,71.6,78.6,1.0,0.0,9.0,4.0,1.0,2.0,64.3,69.2,48.7,51.3,4.0,2.0,9.0,15.0,15.0,9.0,5.0,2.0,0.0,0.0,Craven Cottage,24415,John Brooks,"Matt Wilkes, Lee Betts",Rebecca Welch
4/11/2023,15:00,Brentford,West Ham,3,2,"[11, 55, 69]","[19, 26]",59.4,40.6,16.0,12.0,4.0,2.0,6.0,8.0,6.0,2.0,80.4,71.0,3.0,2.0,4.0,3.0,2.0,0.0,33.3,61.5,60.5,39.5,0.0,2.0,12.0,14.0,13.0,12.0,1.0,4.0,0.0,0.0,Gtech Community Stadium,17103,Thomas Bramall,"Mark Scholes, Simon Bennett",John Busby
4/11/2023,15:00,Burnley,C Palace,0,2,[],"[22, 90]",67.5,32.5,17.0,4.0,5.0,3.0,10.0,0.0,2.0,1.0,84.6,72.3,2.0,3.0,12.0,1.0,2.0,0.0,53.3,71.4,45.9,54.1,1.0,5.0,9.0,12.0,11.0,9.0,0.0,5.0,0.0,0.0,Turf Moor,21578,Peter Bankes,"Nick Greenhalgh, Edward Smart",Tom Nield
4/11/2023,15:00,Everton,Brighton,1,1,[7],[84],20.1,79.9,10.0,7.0,4.0,2.0,4.0,4.0,2.0,1.0,62.0,89.8,0.0,0.0,3.0,3.0,0.0,3.0,50.0,66.7,53.1,46.9,2.0,3.0,15.0,5.0,5.0,15.0,4.0,2.0,0.0,0.0,Goodison Park,38683,Tim Robinson,"Adrian Holmes, Scott Ledger",Steve Martin
4/11/2023,15:00,Man City,"""Bmouth""",6,1,"[30, 33, 83, 37, 64, 88]",[74],64.8,35.2,21.0,5.0,8.0,1.0,6.0,3.0,7.0,1.0,93.0,85.8,3.0,1.0,12.0,1.0,0.0,2.0,80.0,85.7,57.1,42.9,0.0,2.0,8.0,9.0,9.0,8.0,0.0,1.0,0.0,0.0,Etihad Stadium,53358,Craig Pawson,"Steven Meredith, Marc Perry",Anthony Backhouse
4/11/2023,15:00,Sheff Utd,Wolves,2,1,"[72, 90]",[89],38.1,61.9,11.0,10.0,2.0,3.0,6.0,5.0,3.0,2.0,67.0,81.2,0.0,2.0,4.0,4.0,0.0,3.0,45.8,53.8,30.6,69.4,2.0,0.0,13.0,10.0,9.0,11.0,2.0,3.0,0.0,0.0,Bramall Lane,29454,Robert Jones,"Timothy Wood, Wade Smith",Jeremy Simpson
4/11/2023,17:30,Newcastle,Arsenal,1,0,[64],[],40.9,59.1,9.0,14.0,2.0,1.0,3.0,4.0,4.0,9.0,79.2,84.3,1.0,0.0,0.0,11.0,2.0,1.0,61.1,72.7,48.1,51.9,1.0,0.0,14.0,9.0,9.0,14.0,5.0,1.0,0.0,0.0,"""St James Park",52194,Stuart Attwell,"Richard West, James Mainwaring",Graham Scott
29/10/2023,13:00,West Ham,Everton,0,1,[],[51],63.7,36.3,12.0,10.0,2.0,4.0,8.0,4.0,2.0,2.0,83.5,75.3,1.0,1.0,4.0,3.0,1.0,3.0,41.2,48.3,41.9,58.1,3.0,2.0,7.0,11.0,10.0,7.0,4.0,1.0,0.0,0.0,London Stadium,62469,Stuart Attwell,"Constantine Hatzidakis, James Mainwaring",Dean Whitestone
29/10/2023,14:00,A Villa,Luton,3,1,"[17, 49, 62]",[83],70.5,29.5,17.0,7.0,6.0,1.0,5.0,2.0,6.0,4.0,90.4,77.4,4.0,1.0,6.0,4.0,0.0,6.0,72.7,47.1,48.1,51.9,1.0,4.0,11.0,10.0,9.0,11.0,3.0,2.0,0.0,0.0,Villa Park,41785,John Brooks,"Akil Howson, Lee Betts",Anthony Taylor
29/10/2023,14:00,Brighton,Fulham,1,1,[26],[65],71.1,28.9,18.0,10.0,7.0,5.0,8.0,4.0,3.0,1.0,90.6,78.9,4.0,0.0,7.0,3.0,0.0,1.0,71.4,63.0,56.5,43.5,4.0,5.0,12.0,8.0,8.0,11.0,0.0,3.0,0.0,0.0,Amex Stadium,31550,Michael Salisbury,"Derek Eaton, Timothy Wood",Tim Robinson
29/10/2023,14:00,Liverpool,N Forest,3,0,"[31, 35, 77]",[],72.6,27.4,21.0,9.0,8.0,1.0,9.0,4.0,4.0,4.0,89.8,72.6,3.0,1.0,8.0,3.0,1.0,3.0,41.7,52.6,58.1,41.9,1.0,5.0,9.0,13.0,13.0,9.0,2.0,3.0,0.0,0.0,Anfield,50143,Chris Kavanagh,"Richard West, Matt Wilkes",Matt Donohue
29/10/2023,15:30,Man Utd,Man City,0,3,[],"[26, 49, 80]",39.5,60.5,7.0,21.0,3.0,10.0,3.0,6.0,1.0,5.0,80.8,89.6,1.0,6.0,7.0,12.0,4.0,0.0,57.1,75.0,38.9,61.1,7.0,3.0,9.0,5.0,5.0,9.0,4.0,1.0,0.0,0.0,Old Trafford,73502,Paul Tierney,"Neil Davies, Scott Ledger",Craig Pawson
28/10/2023,24:30,Chelsea,Brentford,0,2,[],"[58, 90]",68.8,31.2,17.0,7.0,2.0,5.0,8.0,1.0,7.0,1.0,89.3,73.3,2.0,4.0,10.0,1.0,0.0,0.0,72.7,52.6,52.0,48.0,3.0,2.0,12.0,7.0,7.0,12.0,1.0,4.0,0.0,0.0,Stamford Bridge,39575,Simon Hooper,"Simon Long, Adrian Holmes",Graham Scott
28/10/2023,15:00,Arsenal,Sheff Utd,5,0,"[28, 50, 58, 88, 90]",[],67.1,32.9,13.0,2.0,8.0,0.0,2.0,1.0,3.0,1.0,90.7,74.6,2.0,0.0,6.0,1.0,1.0,1.0,40.0,65.0,50.0,50.0,0.0,2.0,9.0,13.0,13.0,9.0,0.0,3.0,0.0,0.0,Emirates Stadium,60153,Tim Robinson,"Edward Smart, Nick Greenhalgh",John Busby
28/10/2023,15:00,"""Bmouth""",Burnley,2,1,"[22, 76]",[11],44.3,55.7,13.0,6.0,6.0,3.0,4.0,2.0,3.0,1.0,75.7,79.4,1.0,0.0,10.0,5.0,3.0,1.0,64.0,75.0,51.7,48.3,3.0,4.0,9.0,12.0,12.0,9.0,2.0,3.0,0.0,0.0,Vitality Stadium,11152,Samuel Barrott,"Simon Bennett, Dan Robathan",Robert Jones
28/10/2023,17:30,Wolves,Newcastle,2,2,"[36, 71]","[22, 45]",43.2,56.8,11.0,13.0,6.0,5.0,2.0,3.0,3.0,5.0,81.7,86.2,0.0,1.0,8.0,7.0,2.0,0.0,71.4,75.0,69.2,30.8,2.0,4.0,13.0,15.0,15.0,13.0,1.0,4.0,0.0,0.0,Molineux,31584,Anthony Taylor,"Gary Beswick, Adam Nunn",Thomas Bramall
27/10/2023,20:00,C Palace,Tottenham,1,2,[90],"[53, 66]",24.3,75.7,13.0,10.0,3.0,1.0,4.0,4.0,6.0,5.0,67.3,91.4,0.0,1.0,11.0,2.0,1.0,3.0,58.3,70.0,40.0,60.0,0.0,2.0,19.0,11.0,11.0,18.0,2.0,1.0,0.0,0.0,Selhurst Park,25074,Andy Madley,"Nicholas Hopton, Wade Smith",Graham Scott
23/10/2023,20:00,Tottenham,Fulham,2,0,"[36, 54]",[],55.6,44.4,15.0,10.0,5.0,3.0,4.0,4.0,6.0,3.0,87.4,84.4,1.0,1.0,3.0,5.0,4.0,6.0,63.2,57.9,55.6,44.4,3.0,3.0,10.0,14.0,14.0,10.0,2.0,0.0,0.0,0.0,Tottenham Hotspur Stadium,61286,Anthony Taylor,"Gary Beswick, James Mainwaring",Graham Scott
22/10/2023,16:30,A Villa,West Ham,4,1,"[30, 51, 74, 89]",[56],58.3,41.7,15.0,14.0,7.0,4.0,6.0,3.0,2.0,7.0,88.6,82.3,2.0,0.0,8.0,7.0,2.0,3.0,55.6,60.0,40.0,60.0,3.0,3.0,8.0,15.0,15.0,7.0,0.0,1.0,0.0,0.0,Villa Park,41734,David Coote,"Mark Scholes, Constantine Hatzidakis",Thomas Bramall
21/10/2023,24:30,Liverpool,Everton,2,0,"[75, 90]",[],77.5,22.5,26.0,6.0,6.0,1.0,9.0,4.0,11.0,1.0,87.5,52.6,1.0,0.0,12.0,4.0,2.0,1.0,69.2,82.4,49.0,51.0,1.0,4.0,9.0,9.0,8.0,8.0,1.0,1.0,0.0,1.0,Anfield,50201,Craig Pawson,"Marc Perry, Wade Smith",Thomas Bramall
21/10/2023,15:00,"""Bmouth""",Wolves,1,2,[17],"[47, 88]",33.7,66.3,7.0,21.0,4.0,7.0,1.0,8.0,2.0,6.0,75.2,85.5,1.0,2.0,3.0,12.0,0.0,1.0,66.7,57.7,30.0,70.0,5.0,3.0,15.0,10.0,9.0,15.0,2.0,6.0,1.0,0.0,Vitality Stadium,11175,Paul Tierney,"Neil Davies, Scott Ledger",James Bell
21/10/2023,15:00,Brentford,Burnley,3,0,"[25, 62, 87]",[],49.9,50.1,23.0,6.0,10.0,1.0,8.0,4.0,5.0,1.0,79.0,82.6,4.0,1.0,5.0,5.0,2.0,2.0,64.7,57.1,53.3,46.7,1.0,6.0,14.0,12.0,12.0,14.0,5.0,2.0,0.0,1.0,Gtech Community Stadium,17029,Josh Smith,"Harry Lennard, Nicholas Hopton",Darren England
21/10/2023,15:00,Man City,Brighton,2,1,"[7, 19]",[73],54.5,45.5,10.0,5.0,6.0,3.0,4.0,2.0,0.0,0.0,89.7,87.5,1.0,2.0,2.0,2.0,2.0,1.0,50.0,50.0,50.0,50.0,2.0,3.0,9.0,11.0,11.0,9.0,2.0,2.0,1.0,0.0,Etihad Stadium,53466,Robert Jones,"Steven Meredith, Timothy Wood",Jeremy Simpson
21/10/2023,15:00,Newcastle,C Palace,4,0,"[4, 44, 45, 66]",[],59.5,40.5,10.0,17.0,7.0,3.0,3.0,10.0,0.0,4.0,86.4,79.2,3.0,0.0,6.0,8.0,0.0,1.0,62.5,55.0,58.3,41.7,3.0,3.0,7.0,12.0,12.0,7.0,2.0,3.0,0.0,0.0,"""St James Park",52189,Tim Robinson,"Simon Long, Adrian Holmes",Keith Stroud
21/10/2023,15:00,N Forest,Luton,2,2,"[48, 76]","[83, 90]",57.2,42.8,19.0,13.0,8.0,4.0,9.0,5.0,2.0,4.0,76.5,69.5,2.0,2.0,4.0,2.0,2.0,0.0,64.3,66.7,58.9,41.1,2.0,6.0,12.0,11.0,11.0,12.0,3.0,0.0,0.0,0.0,The City Ground,29361,Samuel Barrott,"Simon Bennett, Dan Robathan",Anthony Taylor
21/10/2023,17:30,Chelsea,Arsenal,2,2,"[15, 48]","[77, 84]",43.3,56.7,11.0,13.0,5.0,3.0,4.0,5.0,2.0,5.0,82.2,84.6,0.0,1.0,2.0,7.0,2.0,1.0,58.8,47.4,51.6,48.4,1.0,3.0,7.0,14.0,13.0,7.0,3.0,3.0,0.0,0.0,Stamford Bridge,39723,Chris Kavanagh,"Richard West, Matt Wilkes",James Linington
21/10/2023,20:00,Sheff Utd,Man Utd,1,2,[34],"[28, 77]",37.5,62.5,12.0,14.0,6.0,5.0,3.0,6.0,3.0,3.0,67.8,80.8,1.0,2.0,5.0,4.0,3.0,4.0,57.1,50.0,52.9,47.1,3.0,5.0,12.0,10.0,8.0,12.0,3.0,1.0,0.0,0.0,Bramall Lane,31543,Michael Oliver,"Lee Betts, Daniel Cook",Andy Davies
8/10/2023,14:00,Brighton,Liverpool,2,2,"[20, 78]","[40, 45]",46.0,54.0,14.0,14.0,3.0,4.0,5.0,5.0,6.0,5.0,84.9,86.7,2.0,2.0,8.0,1.0,1.0,0.0,58.8,77.3,45.5,54.5,2.0,1.0,12.0,20.0,20.0,12.0,1.0,2.0,0.0,0.0,Amex Stadium,31752,Anthony Taylor,"Adam Nunn, Gary Beswick",Graham Scott
8/10/2023,14:00,West Ham,Newcastle,2,2,"[8, 89]","[57, 62]",35.2,64.8,5.0,10.0,3.0,3.0,2.0,6.0,0.0,1.0,72.0,86.2,1.0,2.0,4.0,2.0,2.0,1.0,81.8,75.0,53.1,46.9,1.0,1.0,11.0,18.0,18.0,11.0,3.0,3.0,0.0,0.0,London Stadium.,,Peter Bankes,"Nick Greenhalgh, Edward Smart",Michael Salisbury
8/10/2023,14:00,Wolves,A Villa,1,1,[53],[55],46.3,53.7,8.0,18.0,3.0,4.0,3.0,8.0,2.0,6.0,79.1,83.5,3.0,4.0,2.0,10.0,3.0,1.0,53.8,57.1,62.5,37.5,3.0,2.0,19.0,9.0,8.0,19.0,3.0,2.0,1.0,0.0,Molineux.,,Robert Jones,"Ian Hussin, Wade Smith",Paul Tierney
8/10/2023,16:30,Arsenal,Man City,1,0,[86],[],49.0,51.0,12.0,4.0,2.0,1.0,6.0,2.0,4.0,1.0,86.6,86.6,0.0,2.0,5.0,4.0,2.0,0.0,60.0,54.5,38.5,61.5,0.0,1.0,8.0,7.0,7.0,8.0,2.0,3.0,0.0,0.0,Emirates Stadium,60233,Michael Oliver,"Stuart Burt, Lee Betts",Tim Robinson
7/10/2023,24:30,Luton,Tottenham,0,1,[],[45],33.1,66.9,12.0,15.0,2.0,4.0,6.0,9.0,4.0,2.0,67.5,85.5,2.0,4.0,5.0,6.0,4.0,4.0,57.7,70.0,37.5,62.5,3.0,2.0,16.0,7.0,5.0,16.0,2.0,1.0,0.0,1.0,Kenilworth Road,10929,John Brooks,"Steven Meredith, Neil Davies",Graham Scott
7/10/2023,15:00,Burnley,Chelsea,1,4,[15],"[42, 50, 65, 74]",37.6,62.4,10.0,9.0,3.0,5.0,3.0,2.0,4.0,2.0,84.1,92.3,1.0,2.0,7.0,3.0,4.0,2.0,62.5,59.1,52.6,47.4,2.0,2.0,11.0,8.0,8.0,10.0,2.0,4.0,0.0,0.0,Turf Moor,21654,Stuart Attwell,"James Mainwaring, Constantine Hatzidakis",Oliver Langford
7/10/2023,15:00,Everton,"""Bmouth""",3,0,"[8, 37, 60]",[],47.4,52.6,25.0,11.0,8.0,4.0,11.0,3.0,6.0,4.0,78.0,79.3,3.0,1.0,8.0,7.0,2.0,0.0,42.9,30.0,58.5,41.5,3.0,5.0,14.0,15.0,15.0,13.0,1.0,2.0,0.0,0.0,Goodison Park,38815,David Coote,"Timothy Wood, Mark Scholes",Thomas Bramall
7/10/2023,15:00,Fulham,Sheff Utd,3,1,"[53, 76, 90]",[68],60.3,39.7,20.0,5.0,6.0,2.0,8.0,2.0,6.0,1.0,80.1,69.3,2.0,1.0,9.0,4.0,2.0,1.0,62.5,65.0,53.8,46.2,2.0,4.0,8.0,10.0,10.0,8.0,1.0,2.0,0.0,0.0,Craven Cottage,24361,Samuel Barrott,"Dan Robathan, Simon Bennett",Anthony Taylor
7/10/2023,15:00,Man Utd,Brentford,2,1,"[90, 90]",[26],63.9,36.1,21.0,11.0,8.0,3.0,9.0,7.0,4.0,1.0,87.6,72.1,1.0,1.0,7.0,5.0,4.0,0.0,50.0,61.1,56.5,43.5,2.0,6.0,10.0,17.0,16.0,10.0,0.0,5.0,0.0,0.0,Old Trafford,73453,Andy Madley,"Nicholas Hopton, Harry Lennard",Steve Martin
7/10/2023,17:30,C Palace,N Forest,0,0,[],[],52.0,48.0,8.0,16.0,2.0,5.0,4.0,7.0,2.0,4.0,87.7,87.3,2.0,2.0,3.0,7.0,0.0,2.0,55.6,50.0,44.0,56.0,5.0,2.0,7.0,12.0,12.0,7.0,0.0,1.0,0.0,0.0,Selhurst Park,25017,Craig Pawson,"Richard West, Marc Perry",Chris Kavanagh
3/10/2023,19:30,Luton,Burnley,1,2,[84],"[45, 85]",48.6,51.4,18.0,14.0,3.0,4.0,10.0,8.0,5.0,2.0,68.6,71.6,0.0,1.0,7.0,6.0,3.0,3.0,57.1,60.0,57.4,42.6,2.0,1.0,14.0,6.0,6.0,13.0,4.0,2.0,0.0,0.0,Kenilworth Road,10918,Peter Bankes,"Simon Long, Lee Betts",Jarred Gillet
2/10/2023,20:00,Fulham,Chelsea,0,2,[],"[18, 19]",55.7,44.3,10.0,11.0,3.0,4.0,4.0,6.0,3.0,1.0,87.9,85.5,1.0,2.0,8.0,1.0,2.0,4.0,43.8,45.8,52.6,47.4,2.0,3.0,15.0,12.0,11.0,14.0,1.0,4.0,0.0,0.0,Craven Cottage,24445,Tim Robinson,"Stuart Burt, Edward Smart",Simon Hooper
1/10/2023,14:00,N Forest,Brentford,1,1,[56],[58],40.9,59.1,6.0,18.0,1.0,5.0,4.0,6.0,1.0,7.0,78.6,84.9,2.0,1.0,1.0,11.0,2.0,1.0,64.7,63.6,39.0,61.0,3.0,0.0,6.0,10.0,10.0,6.0,1.0,2.0,1.0,0.0,The City Ground,29004,Paul Tierney,"Scott Ledger, Neil Davies",Craig Pawson
30/09/2023,24:30,A Villa,Brighton,6,1,"[14, 21, 65, 26, 85, 90]",[50],38.0,62.0,19.0,11.0,9.0,3.0,4.0,3.0,6.0,5.0,78.1,89.0,2.0,3.0,1.0,3.0,0.0,6.0,61.9,68.4,38.5,61.5,2.0,4.0,19.0,21.0,20.0,19.0,4.0,4.0,0.0,0.0,Villa Park,40636,Andy Madley,"Ian Hussin, Nicholas Hopton",Anthony Backhouse
30/09/2023,15:00,"""Bmouth""",Arsenal,0,4,[],"[17, 44, 53, 90]",42.4,57.6,8.0,15.0,1.0,8.0,3.0,3.0,4.0,4.0,81.5,88.3,0.0,3.0,6.0,6.0,2.0,0.0,56.3,35.7,37.5,62.5,4.0,1.0,11.0,10.0,7.0,11.0,0.0,1.0,0.0,0.0,Vitality Stadium,11193,Michael Salisbury,"Constantine Hatzidakis, James Mainwaring",Sam Allison
30/09/2023,15:00,Everton,Luton,1,2,[41],"[24, 31]",67.6,32.4,23.0,9.0,5.0,2.0,14.0,4.0,4.0,3.0,79.7,53.1,4.0,2.0,3.0,6.0,2.0,3.0,47.8,58.3,54.4,45.6,0.0,3.0,8.0,10.0,9.0,8.0,0.0,1.0,0.0,0.0,Goodison Park,39289,Anthony Taylor,"Adam Nunn, Gary Beswick",Samuel Barrott
30/09/2023,15:00,Man Utd,C Palace,0,1,[],[25],77.1,22.9,19.0,8.0,4.0,2.0,8.0,4.0,7.0,2.0,88.1,67.0,2.0,1.0,10.0,4.0,2.0,0.0,65.6,38.5,43.5,56.5,1.0,3.0,10.0,8.0,8.0,9.0,3.0,2.0,0.0,0.0,Old Trafford,73428,Chris Kavanagh,"Matt Wilkes, Harry Lennard",Dean Whitestone
30/09/2023,15:00,Newcastle,Burnley,2,0,"[14, 76]",[],52.8,47.2,20.0,8.0,8.0,2.0,6.0,1.0,6.0,5.0,81.2,78.6,4.0,1.0,5.0,3.0,1.0,3.0,66.7,46.2,73.1,26.9,2.0,5.0,7.0,15.0,15.0,7.0,1.0,3.0,0.0,0.0,"""St James Park",52163,Thomas Bramall,"Simon Bennett, Dan Robathan",Matt Donohue
30/09/2023,15:00,West Ham,Sheff Utd,2,0,"[24, 37]",[],52.4,47.6,20.0,16.0,9.0,2.0,8.0,6.0,3.0,8.0,85.8,82.5,4.0,0.0,7.0,4.0,2.0,3.0,62.5,71.4,50.0,50.0,2.0,6.0,6.0,9.0,9.0,6.0,1.0,1.0,0.0,0.0,London Stadium,62459,Graham Scott,"Mark Scholes, Timothy Wood",Keith Stroud
30/09/2023,15:00,Wolves,Man City,2,1,"[13, 66]",[58],31.9,68.1,3.0,23.0,1.0,8.0,0.0,5.0,2.0,10.0,76.2,88.1,1.0,0.0,0.0,6.0,2.0,0.0,58.3,40.0,71.4,28.6,7.0,0.0,18.0,12.0,12.0,18.0,6.0,5.0,0.0,0.0,Molineux,31415,Craig Pawson,"Marc Perry, Darren Cann",Tim Robinson
30/09/2023,17:30,Tottenham,Liverpool,2,1,"[36, 90]",[26],64.5,35.5,24.0,12.0,8.0,4.0,4.0,5.0,12.0,3.0,91.1,77.2,2.0,1.0,12.0,5.0,4.0,1.0,82.6,46.7,52.6,47.4,3.0,8.0,11.0,17.0,17.0,11.0,5.0,4.0,0.0,2.0,Tottenham Hotspur Stadium,62001,Simon Hooper,"Simon Long, Adrian Holmes",Michael Oliver
24/09/2023,14:00,Arsenal,Tottenham,2,2,"[26, 54]","[42, 55]",46.5,53.5,13.0,13.0,6.0,5.0,4.0,4.0,3.0,4.0,84.1,85.7,1.0,3.0,11.0,4.0,2.0,3.0,50.0,53.6,63.6,36.4,3.0,4.0,12.0,19.0,18.0,11.0,3.0,4.0,0.0,0.0,Emirates Stadium,60156,Robert Jones,"Wade Smith, Lee Betts",Michael Salisbury
24/09/2023,14:00,Brighton,"""Bmouth""",3,1,"[45, 46, 77]",[25],61.5,38.5,13.0,12.0,4.0,4.0,3.0,4.0,6.0,4.0,86.5,76.6,3.0,1.0,4.0,4.0,1.0,1.0,62.5,43.5,91.7,8.3,2.0,2.0,12.0,17.0,17.0,12.0,3.0,3.0,0.0,0.0,Amex Stadium,31617,John Brooks,"Simon Bennett, Akil Howson",Peter Bankes
24/09/2023,14:00,Chelsea,A Villa,0,1,[],[73],52.7,47.3,10.0,15.0,4.0,7.0,2.0,3.0,4.0,5.0,85.8,84.5,3.0,1.0,5.0,11.0,10.0,1.0,65.2,61.9,66.7,33.3,6.0,4.0,9.0,11.0,10.0,7.0,2.0,3.0,1.0,0.0,Stamford Bridge,39700,Jarred Gillet,"Darren Cann, Dan Robathan",Simon Hooper
24/09/2023,14:00,Liverpool,West Ham,3,1,"[16, 60, 85]",[42],64.0,36.0,22.0,11.0,7.0,4.0,8.0,4.0,7.0,3.0,88.7,78.4,6.0,3.0,7.0,4.0,2.0,1.0,64.7,75.0,74.3,25.7,3.0,4.0,12.0,13.0,13.0,11.0,0.0,2.0,0.0,0.0,Anfield,50136,Chris Kavanagh,"Mark Scholes, Matt Wilkes",Craig Pawson
24/09/2023,16:30,Sheff Utd,Newcastle,0,8,[],"[21, 31, 35, 56, 61, 68, 73, 87]",42.2,57.8,9.0,22.0,1.0,15.0,4.0,3.0,4.0,4.0,78.6,86.7,0.0,7.0,2.0,6.0,3.0,1.0,31.6,73.7,45.0,55.0,7.0,1.0,12.0,8.0,8.0,11.0,4.0,0.0,0.0,0.0,Bramall Lane,30568,Stuart Attwell,"Constantine Hatzidakis, James Mainwaring",Anthony Taylor
23/09/2023,15:00,C Palace,Fulham,0,0,[],[],50.5,49.5,7.0,10.0,3.0,5.0,2.0,3.0,2.0,2.0,81.7,82.9,0.0,0.0,3.0,2.0,3.0,1.0,64.3,40.7,45.2,54.8,5.0,3.0,10.0,15.0,15.0,10.0,3.0,2.0,0.0,0.0,Selhurst Park,25072,Paul Tierney,"Neil Davies, Scott Ledger",Thomas Bramall
23/09/2023,15:00,Luton,Wolves,1,1,[65],[39],56.4,43.6,20.0,3.0,4.0,3.0,7.0,0.0,9.0,0.0,77.2,73.3,1.0,0.0,10.0,1.0,1.0,1.0,45.0,35.7,47.5,52.5,2.0,3.0,12.0,17.0,16.0,12.0,0.0,2.0,0.0,1.0,Kenilworth Road,10893,Josh Smith,"Nick Greenhalgh, Edward Smart",Peter Bankes
23/09/2023,15:00,Man City,N Forest,2,0,"[7, 14]",[],57.4,42.6,7.0,10.0,4.0,3.0,1.0,3.0,2.0,4.0,89.3,85.5,2.0,1.0,6.0,6.0,0.0,3.0,75.0,61.1,50.0,50.0,3.0,2.0,5.0,17.0,17.0,5.0,3.0,7.0,1.0,0.0,Etihad Stadium,53413,Anthony Taylor,"Gary Beswick, Adam Nunn",Dean Whitestone
23/09/2023,17:30,Brentford,Everton,1,3,[28],"[6, 67, 71]",57.4,42.6,12.0,18.0,2.0,6.0,6.0,11.0,4.0,1.0,82.1,79.5,2.0,4.0,1.0,4.0,3.0,1.0,75.0,68.8,37.8,62.2,3.0,1.0,9.0,12.0,11.0,9.0,2.0,2.0,0.0,0.0,Gtech Community Stadium,16981,Michael Oliver,"Daniel Cook, Stuart Burt",
23/09/2023,20:00,Burnley,Man Utd,0,1,[],[45],61.8,38.2,12.0,11.0,4.0,4.0,5.0,2.0,3.0,5.0,88.4,79.9,1.0,1.0,9.0,5.0,1.0,3.0,46.2,76.9,52.2,47.8,3.0,4.0,6.0,12.0,12.0,6.0,1.0,2.0,0.0,0.0,Turf Moor,21593,Tony Harrington,"Timothy Wood, Richard West",Chris Kavanagh
18/09/2023,19:45,N Forest,Burnley,1,1,[61],[41],46.1,53.9,14.0,10.0,4.0,3.0,5.0,4.0,5.0,3.0,78.9,83.8,0.0,1.0,5.0,4.0,2.0,2.0,69.2,70.0,54.8,45.2,2.0,3.0,16.0,10.0,9.0,16.0,2.0,3.0,0.0,1.0,The City Ground,28958,Robert Jones,"Ian Hussin, Wade Smith",Thomas Bramall
17/09/2023,14:00,"""Bmouth""",Chelsea,0,0,[],[],35.3,64.7,13.0,14.0,4.0,6.0,3.0,6.0,6.0,2.0,78.8,87.5,1.0,1.0,1.0,7.0,1.0,2.0,71.4,55.6,54.5,45.5,6.0,4.0,15.0,20.0,20.0,15.0,1.0,5.0,0.0,0.0,Vitality Stadium,10421,David Coote,"Mark Scholes, Timothy Wood",Tim Robinson
17/09/2023,16:30,Everton,Arsenal,0,1,[],[69],26.0,74.0,8.0,13.0,1.0,4.0,3.0,3.0,4.0,6.0,67.2,89.1,0.0,0.0,1.0,11.0,1.0,4.0,68.4,88.9,52.6,47.4,3.0,1.0,12.0,10.0,8.0,12.0,1.0,1.0,0.0,0.0,Goodison Park,39217,Simon Hooper,"Simon Long, Adrian Holmes",Anthony Taylor
16/09/2023,24:30,Wolves,Liverpool,1,3,[7],"[55, 85, 90]",34.2,65.8,11.0,16.0,2.0,6.0,7.0,7.0,2.0,3.0,80.7,87.5,0.0,4.0,4.0,4.0,1.0,0.0,68.2,66.7,38.9,61.1,3.0,1.0,10.0,4.0,4.0,9.0,1.0,3.0,0.0,0.0,Molineux,31257,Michael Oliver,"Daniel Cook, Stuart Burt",Tim Robinson
16/09/2023,15:00,A Villa,C Palace,3,1,"[87, 90, 90]",[47],66.7,33.3,16.0,6.0,5.0,3.0,5.0,2.0,6.0,1.0,86.4,74.6,1.0,3.0,4.0,2.0,1.0,0.0,42.3,56.5,64.7,35.3,2.0,2.0,13.0,9.0,9.0,13.0,5.0,3.0,0.0,0.0,Villa Park,40809,Darren England,"Akil Howson, Simon Bennett",Steve Martin
16/09/2023,15:00,Fulham,Luton,1,0,[65],[],77.6,22.4,13.0,7.0,2.0,2.0,5.0,4.0,6.0,1.0,90.6,67.6,1.0,3.0,6.0,2.0,0.0,1.0,52.9,65.0,38.7,61.3,2.0,1.0,6.0,14.0,13.0,6.0,2.0,2.0,0.0,0.0,Craven Cottage,24467,Michael Salisbury,"Richard West, Steven Meredith",Josh Smith
16/09/2023,15:00,Man Utd,Brighton,1,3,[73],"[20, 53, 71]",43.9,56.1,14.0,10.0,4.0,8.0,4.0,2.0,6.0,0.0,85.5,91.1,1.0,3.0,8.0,1.0,4.0,1.0,62.5,47.4,16.7,83.3,5.0,3.0,8.0,9.0,9.0,8.0,2.0,2.0,0.0,0.0,Old Trafford,73592,Jarred Gillet,"Darren Cann, Neil Davies",Simon Hooper
16/09/2023,15:00,Tottenham,Sheff Utd,2,1,"[90, 90]",[73],70.1,29.9,28.0,7.0,10.0,5.0,9.0,1.0,9.0,1.0,87.9,68.8,3.0,1.0,15.0,2.0,2.0,3.0,41.2,45.5,42.1,57.9,4.0,8.0,13.0,14.0,12.0,11.0,6.0,5.0,0.0,1.0,Tottenham Hotspur Stadium,61706,Peter Bankes,"Nick Greenhalgh, Edward Smart",David Webb
16/09/2023,15:00,West Ham,Man City,1,3,[36],"[46, 76, 86]",31.6,68.4,6.0,29.0,3.0,15.0,2.0,5.0,1.0,9.0,86.3,92.8,2.0,7.0,4.0,11.0,1.0,0.0,64.3,63.6,60.0,40.0,10.0,2.0,7.0,11.0,11.0,7.0,3.0,2.0,0.0,0.0,London Stadium,62475,Andy Madley,"Nicholas Hopton, Harry Lennard",Thomas Bramall
16/09/2023,17:30,Newcastle,Brentford,1,0,[64],[],56.3,43.7,9.0,11.0,2.0,2.0,5.0,4.0,2.0,5.0,78.2,72.2,1.0,1.0,8.0,3.0,0.0,1.0,75.0,63.3,53.5,46.5,2.0,1.0,8.0,12.0,12.0,8.0,3.0,5.0,0.0,0.0,"""St James Park",51670,Craig Pawson,"Lee Betts, Marc Perry",Tony Harrington
3/09/2023,14:00,C Palace,Wolves,3,2,"[56, 84, 78]","[65, 90]",42.9,57.1,16.0,12.0,11.0,4.0,4.0,6.0,1.0,2.0,79.6,83.6,3.0,2.0,4.0,2.0,1.0,2.0,54.2,69.2,48.0,52.0,2.0,7.0,12.0,12.0,10.0,10.0,1.0,3.0,0.0,0.0,Selhurst Park,24741,Robert Jones,"Wade Smith, Ian Hussin",Thomas Bramall
3/09/2023,14:00,Liverpool,A Villa,3,0,"[3, 22, 55]",[],63.7,36.3,17.0,9.0,4.0,3.0,10.0,6.0,3.0,0.0,91.5,81.4,4.0,0.0,7.0,3.0,6.0,1.0,64.3,40.0,80.0,20.0,3.0,2.0,12.0,7.0,7.0,12.0,0.0,1.0,0.0,0.0,Anfield,50109,Simon Hooper,"Simon Long, Adrian Holmes",Tony Harrington
3/09/2023,16:30,Arsenal,Man Utd,3,1,"[28, 90, 90]",[27],54.8,45.2,17.0,10.0,5.0,2.0,4.0,1.0,8.0,7.0,87.2,84.8,2.0,0.0,12.0,3.0,2.0,1.0,72.7,40.0,50.0,50.0,1.0,2.0,8.0,7.0,7.0,8.0,2.0,3.0,0.0,0.0,Emirates Stadium,60192,Anthony Taylor,"Gary Beswick, Lee Betts",Darren Bond
2/09/2023,24:30,Sheff Utd,Everton,2,2,"[33, 45]","[14, 55]",45.4,54.6,13.0,16.0,8.0,6.0,4.0,3.0,1.0,7.0,74.5,76.0,1.0,3.0,4.0,6.0,1.0,2.0,56.3,78.3,51.3,48.7,4.0,6.0,11.0,13.0,13.0,11.0,1.0,2.0,0.0,0.0,Bramall Lane,31124,Andy Madley,"Nicholas Hopton, Harry Lennard",Jeremy Simpson
2/09/2023,15:00,Brentford,"""Bmouth""",2,2,"[7, 90]","[30, 77]",61.1,38.9,21.0,12.0,7.0,5.0,11.0,5.0,3.0,2.0,83.1,72.3,4.0,2.0,5.0,2.0,1.0,1.0,68.2,45.5,60.5,39.5,3.0,6.0,6.0,13.0,12.0,6.0,1.0,2.0,0.0,0.0,Gtech Community Stadium,16973,Robert Madley,"Marc Perry, Steven Meredith",
2/09/2023,15:00,Burnley,Tottenham,2,5,"[4, 90]","[16, 63, 66, 45, 54]",46.1,53.9,16.0,21.0,4.0,11.0,6.0,3.0,6.0,7.0,80.5,86.7,2.0,3.0,7.0,4.0,2.0,1.0,59.3,68.4,47.1,52.9,6.0,3.0,15.0,9.0,9.0,15.0,4.0,3.0,0.0,0.0,Turf Moor,21750,Darren England,"Dan Robathan, Simon Bennett",James Bell
2/09/2023,15:00,Chelsea,N Forest,0,1,[],[48],76.1,23.9,21.0,7.0,2.0,3.0,6.0,4.0,13.0,0.0,88.6,62.2,2.0,1.0,8.0,0.0,2.0,3.0,43.8,47.8,64.9,35.1,2.0,2.0,10.0,9.0,9.0,10.0,3.0,4.0,0.0,0.0,Stamford Bridge,39820,Tim Robinson,"Richard West, Derek Eaton",Anthony Taylor
2/09/2023,15:00,Man City,Fulham,5,1,"[31, 45, 58, 70, 90]",[33],67.9,32.1,7.0,6.0,5.0,4.0,1.0,1.0,1.0,1.0,89.5,81.0,1.0,2.0,4.0,5.0,1.0,1.0,58.8,81.8,57.1,42.9,3.0,0.0,12.0,12.0,11.0,11.0,2.0,4.0,0.0,0.0,Etihad Stadium,52899,Michael Oliver,"Daniel Cook, Stuart Burt",Michael Salisbury
2/09/2023,17:30,Brighton,Newcastle,3,1,"[27, 65, 70]",[90],55.8,44.2,15.0,9.0,6.0,2.0,5.0,4.0,4.0,3.0,89.7,84.3,0.0,1.0,5.0,3.0,5.0,0.0,37.5,50.0,70.6,29.4,2.0,4.0,14.0,17.0,17.0,14.0,4.0,4.0,0.0,0.0,Amex Stadium,31620,Stuart Attwell,"James Mainwaring, Constantine Hatzidakis",Craig Pawson
1/09/2023,20:00,Luton,West Ham,1,2,[90],"[37, 85]",38.8,61.2,16.0,9.0,1.0,3.0,10.0,4.0,5.0,2.0,72.7,83.3,3.0,2.0,9.0,6.0,0.0,6.0,85.7,63.6,52.5,47.5,1.0,0.0,8.0,13.0,11.0,7.0,1.0,1.0,0.0,0.0,Kenilworth Road,10802,Paul Tierney,"Neil Davies, Scott Ledger",Craig Pawson
27/08/2023,14:00,Burnley,A Villa,1,3,[47],"[8, 20, 61]",56.9,43.1,9.0,16.0,2.0,6.0,6.0,4.0,1.0,6.0,88.9,83.7,1.0,4.0,4.0,6.0,5.0,1.0,40.0,73.3,55.6,44.4,3.0,1.0,12.0,11.0,8.0,12.0,2.0,0.0,0.0,0.0,Turf Moor,21591,Michael Salisbury,"Ian Hussin, Derek Eaton",Anthony Taylor
27/08/2023,14:00,Sheff Utd,Man City,1,2,[85],"[63, 88]",20.5,79.5,6.0,30.0,2.0,9.0,4.0,13.0,0.0,8.0,68.0,92.3,1.0,3.0,1.0,12.0,1.0,2.0,63.6,66.7,33.3,66.7,7.0,0.0,11.0,2.0,2.0,9.0,4.0,0.0,0.0,0.0,Bramall Lane,31336,Jarred Gillet,"Darren Cann, Simon Bennett",David Coote
27/08/2023,16:30,Newcastle,Liverpool,1,2,[25],"[28, 81]",60.0,40.0,23.0,9.0,8.0,4.0,11.0,3.0,4.0,2.0,86.1,79.9,0.0,1.0,5.0,9.0,0.0,1.0,63.2,58.3,52.9,47.1,2.0,7.0,16.0,10.0,10.0,15.0,1.0,2.0,0.0,1.0,"""St James Park",52214,John Brooks,"Lee Betts, Akil Howson",Craig Pawson
26/08/2023,24:30,"""Bmouth""",Tottenham,0,2,[],"[17, 63]",43.1,56.9,11.0,17.0,3.0,6.0,5.0,7.0,3.0,4.0,79.8,88.8,0.0,4.0,6.0,2.0,3.0,0.0,47.1,63.6,60.0,40.0,4.0,3.0,18.0,11.0,11.0,16.0,1.0,3.0,0.0,0.0,Vitality Stadium,10567,Tim Robinson,"Timothy Wood, Mark Scholes",Geoff Eltringham
26/08/2023,15:00,Arsenal,Fulham,2,2,"[70, 72]","[1, 83]",71.1,28.9,19.0,8.0,11.0,3.0,5.0,3.0,3.0,2.0,90.3,71.5,3.0,1.0,8.0,3.0,4.0,1.0,57.1,55.6,39.1,60.9,1.0,8.0,6.0,5.0,5.0,5.0,0.0,4.0,0.0,1.0,Emirates Stadium,59961,Paul Tierney,"Neil Davies, Scott Ledger",Thomas Bramall
26/08/2023,15:00,Brentford,C Palace,1,1,[18],[76],59.8,40.2,12.0,15.0,1.0,5.0,4.0,4.0,7.0,6.0,84.7,81.3,1.0,0.0,8.0,6.0,2.0,2.0,66.7,45.0,54.1,45.9,4.0,0.0,9.0,15.0,15.0,9.0,0.0,0.0,0.0,0.0,Gtech Community Stadium,16997,Peter Bankes,"James Mainwaring, Nick Greenhalgh",Matt Donohue
26/08/2023,15:00,Everton,Wolves,0,1,[],[87],46.8,53.2,15.0,11.0,7.0,2.0,6.0,5.0,2.0,4.0,82.0,83.9,4.0,2.0,7.0,0.0,1.0,1.0,61.5,55.6,58.3,41.7,2.0,7.0,10.0,14.0,14.0,10.0,3.0,4.0,0.0,0.0,Goodison Park,38851,Craig Pawson,"Steven Meredith, Marc Perry",James Linington
26/08/2023,15:00,Man Utd,N Forest,3,2,"[17, 52, 76]","[2, 4]",66.3,33.7,18.0,9.0,9.0,4.0,5.0,3.0,4.0,2.0,86.0,72.2,4.0,1.0,11.0,3.0,3.0,2.0,60.0,68.4,34.4,65.6,2.0,7.0,13.0,11.0,11.0,13.0,4.0,4.0,0.0,1.0,Old Trafford,73595,Stuart Attwell,"Constantine Hatzidakis, Harry Lennard",Michael Salisbury
26/08/2023,17:30,Brighton,West Ham,1,3,[81],"[19, 58, 63]",78.0,22.0,25.0,12.0,10.0,7.0,5.0,4.0,10.0,1.0,89.2,67.8,1.0,3.0,17.0,4.0,1.0,2.0,50.0,73.3,50.0,50.0,4.0,9.0,10.0,9.0,9.0,10.0,1.0,3.0,0.0,0.0,Amex Stadium,31508,Anthony Taylor,"Adrian Holmes, Gary Beswick",Sam Allison
25/08/2023,20:00,Chelsea,Luton,3,0,"[17, 68, 75]",[],67.2,32.8,19.0,11.0,8.0,1.0,6.0,5.0,5.0,5.0,92.3,78.4,4.0,0.0,6.0,4.0,0.0,0.0,60.0,55.6,70.0,30.0,1.0,5.0,15.0,12.0,11.0,15.0,2.0,3.0,0.0,0.0,Stamford Bridge,39893,Robert Jones,"Stuart Burt, Wade Smith",Peter Bankes
21/08/2023,20:00,C Palace,Arsenal,0,1,[],[53],46.9,53.1,14.0,14.0,2.0,3.0,5.0,7.0,7.0,4.0,86.4,86.3,1.0,2.0,1.0,8.0,0.0,2.0,71.4,50.0,51.9,48.1,2.0,2.0,14.0,10.0,10.0,13.0,2.0,1.0,0.0,1.0,Selhurst Park,24189,David Coote,"Wade Smith, Marc Perry",Thomas Bramall
20/08/2023,14:00,A Villa,Everton,4,0,"[18, 24, 51, 75]",[],60.4,39.6,13.0,9.0,7.0,2.0,4.0,3.0,2.0,4.0,89.6,81.4,2.0,1.0,7.0,6.0,1.0,1.0,55.6,71.4,55.6,44.4,2.0,3.0,8.0,12.0,12.0,8.0,3.0,4.0,0.0,0.0,Villa Park,41694,Anthony Taylor,"Gary Beswick, Adam Nunn",Robert Madley
20/08/2023,16:30,West Ham,Chelsea,3,1,"[7, 67, 53]",[28],24.3,75.7,12.0,17.0,6.0,4.0,3.0,9.0,3.0,4.0,69.2,88.0,1.0,0.0,3.0,9.0,3.0,2.0,42.9,68.8,35.5,64.5,3.0,3.0,12.0,9.0,9.0,12.0,2.0,3.0,1.0,0.0,London Stadium,62470,John Brooks,"Lee Betts, Akil Howson",Craig Pawson
19/08/2023,15:00,Fulham,Brentford,0,3,[],"[44, 66, 90]",54.6,45.4,10.0,17.0,2.0,8.0,4.0,7.0,4.0,2.0,83.5,83.1,0.0,2.0,5.0,5.0,1.0,4.0,90.0,69.2,50.0,50.0,5.0,2.0,13.0,12.0,12.0,13.0,2.0,2.0,1.0,0.0,Craven Cottage,24236,Darren Bond,"Darren Cann, Scott Ledger",Tony Harrington
19/08/2023,15:00,Liverpool,"""Bmouth""",3,1,"[27, 36, 58]",[3],64.7,35.3,26.0,13.0,10.0,5.0,8.0,7.0,8.0,1.0,86.0,72.6,0.0,2.0,10.0,2.0,1.0,3.0,73.3,61.1,64.5,35.5,4.0,8.0,11.0,13.0,13.0,10.0,1.0,3.0,1.0,0.0,Anfield,49699,Thomas Bramall,"Simon Bennett, Dan Robathan",Steve Martin
19/08/2023,15:00,Wolves,Brighton,1,4,[61],"[15, 46, 51, 55]",46.4,53.6,16.0,16.0,5.0,8.0,6.0,5.0,5.0,3.0,84.2,88.0,3.0,5.0,5.0,3.0,4.0,7.0,75.0,68.0,50.0,50.0,4.0,4.0,14.0,11.0,10.0,14.0,3.0,6.0,1.0,0.0,Molineux,31317,Andy Madley,"Nicholas Hopton, James Mainwaring",Dean Whitestone
19/08/2023,17:30,Tottenham,Man Utd,2,0,"[49, 83]",[],55.7,44.3,17.0,22.0,6.0,6.0,7.0,7.0,4.0,9.0,85.3,82.8,2.0,4.0,5.0,6.0,1.0,4.0,60.0,50.0,23.1,76.9,6.0,5.0,9.0,8.0,8.0,9.0,1.0,3.0,0.0,0.0,Tottenham Hotspur Stadium,61910,Michael Oliver,"Stuart Burt, Daniel Cook",John Brooks
19/08/2023,20:00,Man City,Newcastle,1,0,[31],[],58.7,41.3,14.0,7.0,4.0,1.0,3.0,2.0,7.0,4.0,89.3,86.4,1.0,0.0,3.0,0.0,1.0,4.0,63.6,40.0,33.3,66.7,1.0,3.0,13.0,11.0,11.0,13.0,1.0,5.0,0.0,0.0,Etihad Stadium.,,Robert Jones,"Ian Hussin, Adrian Holmes",Anthony Taylor
18/08/2023,19:45,N Forest,Sheff Utd,2,1,"[3, 89]",[48],49.9,50.1,16.0,7.0,4.0,3.0,7.0,3.0,5.0,1.0,78.7,75.1,1.0,0.0,6.0,7.0,3.0,2.0,55.0,68.2,60.8,39.2,2.0,2.0,5.0,9.0,9.0,5.0,2.0,3.0,0.0,0.0,The City Ground,29432,Peter Bankes,"Nick Greenhalgh, Harry Lennard",Andy Madley
14/08/2023,20:00,Man Utd,Wolves,1,0,[76],[],51.0,49.0,15.0,23.0,3.0,6.0,4.0,7.0,8.0,10.0,82.4,80.9,2.0,1.0,8.0,7.0,1.0,3.0,61.1,43.5,29.2,70.8,6.0,2.0,15.0,10.0,10.0,14.0,2.0,3.0,0.0,0.0,Old Trafford,73358,Simon Hooper,"Adrian Holmes, Simon Long",Darren Bond
13/08/2023,14:00,Brentford,Tottenham,2,2,"[26, 36]","[11, 45]",30.4,69.6,11.0,18.0,6.0,6.0,2.0,6.0,3.0,6.0,76.8,89.7,3.0,1.0,3.0,6.0,1.0,0.0,52.9,62.5,55.6,44.4,4.0,4.0,12.0,13.0,13.0,11.0,1.0,4.0,0.0,0.0,Gtech Community Stadium,17066,Robert Jones,"Wade Smith, Ian Hussin",Jarred Gillet
13/08/2023,16:30,Chelsea,Liverpool,1,1,[37],[18],64.9,35.1,10.0,13.0,4.0,1.0,4.0,7.0,2.0,5.0,87.4,79.8,5.0,2.0,4.0,4.0,3.0,5.0,69.2,47.4,66.7,33.3,0.0,4.0,5.0,13.0,13.0,5.0,3.0,3.0,0.0,0.0,Stamford Bridge,40096,Anthony Taylor,"Adam Nunn, Gary Beswick",David Coote
12/08/2023,24:30,Arsenal,N Forest,2,1,"[26, 32]",[82],78.3,21.7,15.0,6.0,7.0,2.0,3.0,3.0,5.0,1.0,90.1,68.5,0.0,2.0,8.0,3.0,2.0,1.0,78.9,58.8,37.5,62.5,1.0,5.0,12.0,12.0,12.0,12.0,2.0,2.0,0.0,0.0,Emirates Stadium,59984,Michael Oliver,"Stuart Burt, Daniel Cook",
12/08/2023,15:00,"""Bmouth""",West Ham,1,1,[82],[51],62.9,37.1,14.0,16.0,5.0,3.0,6.0,9.0,3.0,4.0,81.8,67.8,1.0,1.0,10.0,4.0,0.0,2.0,35.3,63.3,35.6,64.4,1.0,4.0,9.0,14.0,12.0,9.0,1.0,4.0,0.0,0.0,Vitality Stadium.,,Peter Bankes,"Nick Greenhalgh, Dan Robathan",
12/08/2023,15:00,Brighton,Luton,4,1,"[36, 71, 85, 90]",[81],71.3,28.7,27.0,9.0,12.0,3.0,10.0,4.0,5.0,2.0,91.0,71.2,4.0,1.0,6.0,7.0,2.0,3.0,76.9,70.6,37.5,62.5,2.0,8.0,11.0,12.0,12.0,9.0,2.0,2.0,0.0,0.0,Amex Stadium,31872,David Coote,"Mark Scholes, Timothy Wood",John Busby
12/08/2023,15:00,Everton,Fulham,0,1,[],[73],40.6,59.4,19.0,9.0,9.0,2.0,6.0,6.0,4.0,1.0,78.7,84.5,3.0,1.0,10.0,4.0,6.0,3.0,46.2,40.0,37.5,62.5,1.0,9.0,12.0,6.0,6.0,12.0,0.0,2.0,0.0,0.0,Goodison Park,39940,Stuart Attwell,"James Mainwaring, Constantine Hatzidakis",Anthony Taylor
12/08/2023,15:00,Sheff Utd,C Palace,0,1,[],[49],32.2,67.8,8.0,24.0,1.0,8.0,4.0,8.0,3.0,8.0,61.8,82.9,0.0,2.0,5.0,5.0,2.0,2.0,50.0,42.9,29.5,70.5,7.0,1.0,18.0,11.0,11.0,18.0,3.0,0.0,0.0,0.0,Bramall Lane,31194,John Brooks,"Lee Betts, Akil Howson",Sam Allison
12/08/2023,17:30,Newcastle,A Villa,5,1,"[6, 16, 58, 77, 90]",[11],52.6,47.4,17.0,16.0,13.0,6.0,2.0,7.0,2.0,3.0,85.3,85.5,8.0,1.0,6.0,5.0,2.0,0.0,56.3,76.9,45.5,54.5,5.0,7.0,12.0,17.0,16.0,12.0,4.0,4.0,0.0,0.0,"""St James Park",52207,Andy Madley,"Nicholas Hopton, Richard West",Graham Scott
11/08/2023,20:00,Burnley,Man City,0,3,[],"[4, 36, 75]",34.4,65.6,6.0,17.0,1.0,8.0,3.0,4.0,2.0,5.0,79.5,89.8,0.0,2.0,6.0,5.0,0.0,1.0,66.7,70.6,50.0,50.0,5.0,1.0,11.0,8.0,8.0,11.0,0.0,0.0,1.0,0.0,Turf Moor,21572,Craig Pawson,"Steven Meredith, Simon Bennett",Graham Scott
17/12/2023,14:00,Arsenal,Brighton,2,0,"[53, 87]",[],48.8,51.2,26,6,9,1,8,3,9.1,2,89.7,90,4,1.1,10,1.2,1.3,1.4,58.3,38.9,44.4,55.6,1.5,6.1,11,9.2,9.3,10.1,1.6,3.1,0,0.1,Emirates Stadium,60257,Tim Robinson,Darren Bond,Paul Tierney
